tmax,tmin,tm,rrr24,Q
17.0,1.0,9.0,,
18.2,1.2,9.7,,0.0
18.0,4.0,11.0,,0.0
18.0,6.2,12.1,1.0,0.0
18.2,4.4,11.3,,0.047
18.2,7.0,12.6,,0.016
19.6,8.0,13.8,16.0,0.02
15.8,3.7,9.75,,
16.8,3.3,10.05,,0.011
15.4,3.4,9.4,,0.011
16.5,7.7,12.1,7.0,
15.5,2.0,8.75,,0.02
18.8,8.8,13.8,,0.016
17.2,5.0,11.1,,
18.0,2.0,10.0,,0.016
20.8,-0.4,10.2,,0.02
22.4,1.0,11.7,,
25.0,3.4,14.2,,0.014
25.9,14.5,20.2,,
21.8,9.8,15.8,1.0,0.0
21.0,5.0,13.0,,0.0
25.3,2.6,13.95,,
24.3,8.4,16.35,2.0,0.0
23.2,6.1,14.65,0.0,
24.7,6.1,15.4,0.0,0.0
25.4,13.2,19.3,1.0,0.0
26.6,7.6,17.1,0.0,
24.4,5.2,14.8,0.0,0.0
21.3,10.4,15.85,2.0,
23.0,9.6,16.3,0.0,0.0
24.6,9.2,16.9,2.0,0.0
26.4,7.8,17.1,0.0,0.0
26.7,5.8,16.25,0.0,0.0
28.7,7.2,17.95,0.0,0.0
24.7,10.6,17.65,0.0,0.0
28.2,10.2,19.2,0.0,0.0
29.0,8.4,18.7,0.0,0.0
32.0,7.9,19.95,0.0,0.0
36.0,9.9,22.95,0.0,0.0
31.9,11.8,21.85,0.0,
28.7,9.3,19.0,0.0,
29.6,9.6,19.6,0.0,0.0
29.7,6.6,18.15,0.0,
31.4,6.7,19.05,0.0,
34.6,8.4,21.5,0.0,
32.1,13.7,22.9,0.0,
32.0,4.6,18.3,0.0,0.0
32.3,4.4,18.35,0.0,0.0
32.5,8.8,20.65,,0.0
31.0,10.5,20.75,,
33.1,11.1,22.1,,0.0
32.3,10.5,21.4,,0.0
29.8,6.9,18.35,,0.0
30.0,15.9,22.95,,0.0
33.9,9.0,21.45,,0.0
35.4,11.6,23.5,,0.0
34.8,13.0,23.9,,
34.0,10.5,22.25,,0.0
33.0,11.1,22.05,,
35.8,15.1,25.45,,0.0
33.8,18.9,26.35,,0.0
33.3,14.6,23.95,,0.0
34.5,14.0,24.25,,0.0
34.8,14.6,24.7,,0.0
35.1,13.5,24.3,,
35.8,12.7,24.25,,0.011
36.8,12.7,24.75,,0.008
38.7,14.7,26.7,,0.014
39.3,11.8,25.55,,0.02
40.8,10.4,25.6,,0.029
39.9,12.6,26.25,,0.034
34.7,19.3,27.0,,0.02
32.8,16.1,24.45,,
34.1,14.5,24.3,,
35.5,15.3,25.4,,0.02
35.7,14.5,25.1,,0.034
36.3,15.7,26.0,,
39.6,17.4,28.5,,0.002
38.2,15.6,26.9,,
36.9,11.5,24.2,,0.0
39.3,13.3,26.3,,0.0
37.7,13.3,25.5,,0.0
38.2,16.1,27.15,,0.0
37.9,15.5,26.7,,0.0
38.6,15.2,26.9,,0.0
38.4,15.0,26.7,,0.0
36.7,14.2,25.45,,
38.6,15.7,27.15,,0.0
39.2,15.5,27.35,,0.0
39.8,13.9,26.85,,0.0
38.7,13.4,26.05,,0.0
35.3,11.8,23.55,,0.0
35.4,11.3,23.35,,
37.2,11.0,24.1,,0.0
36.1,10.4,23.25,,0.0
37.0,13.9,25.45,,
38.7,14.6,26.65,,0.0
36.5,12.0,24.25,,0.0
35.2,10.5,22.85,,0.0
35.9,12.0,23.95,,0.0
35.0,11.1,23.05,,0.0
35.2,10.6,22.9,,0.0
36.6,10.2,23.4,,0.0
37.5,11.0,24.25,,0.0
37.9,14.6,26.25,,
38.0,16.5,27.25,,
38.1,14.0,26.05,,0.0
38.3,15.1,26.7,,0.0
39.3,13.3,26.3,,0.0
37.7,13.6,25.65,,
37.1,9.5,23.3,,0.0
36.7,11.9,24.3,,
38.5,11.7,25.1,,0.0
34.9,9.5,22.2,,0.0
35.5,9.3,22.4,,0.0
34.7,9.1,21.9,0.0,0.0
35.2,10.3,22.75,0.0,0.0
35.4,8.4,21.9,0.0,
35.8,9.2,22.5,0.0,0.0
36.2,9.4,22.8,0.0,
33.4,11.3,22.35,0.0,0.0
33.6,8.7,21.15,0.0,
34.3,10.8,22.55,0.0,0.0
31.0,7.7,19.35,0.0,0.0
31.6,6.9,19.25,0.0,0.0
32.8,9.2,21.0,0.0,0.0
33.8,11.8,22.8,0.0,
32.5,7.9,20.2,0.0,
28.8,12.6,20.7,0.0,0.0
29.4,8.2,18.8,0.0,
29.2,13.9,21.55,0.0,
26.0,9.9,17.95,10.0,0.0
27.2,9.1,18.15,0.0,0.0
27.6,7.2,17.4,0.0,
27.5,8.3,17.9,0.0,0.537
26.3,4.3,15.3,0.0,0.498
28.2,4.1,16.15,0.0,0.484
27.9,5.2,16.55,0.0,0.313
27.6,7.2,17.4,,
26.3,4.3,15.3,,0.252
28.4,4.1,16.25,,0.305
28.2,4.1,16.15,,
29.3,5.2,17.25,,0.222
27.9,5.2,16.55,,0.245
25.9,1.0,13.45,,0.245
26.9,1.9,14.4,,
26.7,3.7,15.2,,0.161
29.2,1.3,15.25,,0.161
30.8,2.1,16.45,,0.2
32.2,3.2,17.7,,0.2
31.9,4.4,18.15,,
30.5,5.0,17.75,,0.161
26.6,4.9,15.75,,0.144
28.5,7.9,18.2,,
29.2,4.4,16.8,,
25.8,3.1,14.45,,0.182
27.4,2.5,14.95,,0.044
29.0,2.5,15.75,,0.089
28.0,3.8,15.9,,0.128
29.6,2.7,16.15,,0.161
29.4,3.9,16.65,,0.301
27.7,3.3,15.5,,0.297
26.9,0.8,13.85,,0.855
19.6,5.5,12.55,4.0,2.23
,,,,0.808
19.5,11.3,15.4,7.0,0.326
18.2,10.3,14.25,11.0,
19.0,2.6,10.8,2.0,0.356
18.4,1.9,10.15,0.0,0.271
20.4,6.2,13.3,0.0,
22.9,1.8,12.35,0.0,0.065
23.7,3.2,13.45,0.0,
22.4,0.5,11.45,0.0,0.093
21.4,1.0,11.2,0.0,0.087
21.9,1.4,11.65,0.0,0.087
22.7,3.7,13.2,0.0,0.087
19.7,7.9,13.8,13.0,0.081
8.9,4.2,6.55,3.0,0.361
10.9,0.2,5.55,0.0,0.59
11.5,1.0,6.25,0.0,
12.3,-2.3,5.0,0.0,0.087
12.7,-2.7,5.0,0.0,0.087
14.1,-2.9,5.6,0.0,0.058
10.2,4.8,7.5,3.0,
10.0,4.4,7.2,1.0,
10.9,-2.1,4.4,0.0,
12.9,-0.9,6.0,0.0,
13.0,-3.1,4.95,0.0,0.029
12.1,-5.9,3.1,0.0,0.017
12.6,-3.7,4.45,0.0,0.023
12.4,4.4,8.4,5.4,
12.1,-0.3,5.9,4.0,
11.5,0.8,6.15,0.0,
10.5,4.9,7.7,0.0,0.048
10.4,0.7,5.55,0.0,0.048
10.7,2.2,6.45,0.0,0.024
12.3,-0.8,5.75,0.0,0.019
11.4,3.1,7.25,3.0,
11.7,5.6,8.65,0.0,0.1
12.8,5.3,9.05,0.0,0.076
13.6,2.8,8.2,0.0,0.041
15.7,0.5,8.1,0.0,0.034
13.5,-1.4,6.05,0.0,0.034
16.0,2.5,9.25,0.0,0.015
13.7,2.9,8.3,0.0,0.014
14.6,4.0,9.3,0.0,0.015
15.0,-2.3,6.35,0.0,
14.7,-2.1,6.3,0.0,0.034
13.9,4.8,9.35,2.5,0.034
9.4,-0.6,4.4,0.0,
10.8,-4.2,3.3,0.0,
14.6,-3.2,5.7,0.0,0.076
14.0,2.8,8.4,0.0,0.055
11.7,1.4,6.55,0.0,
14.5,-4.6,4.95,0.0,0.065
16.9,-5.8,5.55,0.0,0.087
17.8,-5.4,6.2,0.0,0.015
14.9,2.0,8.45,0.0,0.034
14.6,-7.2,3.7,0.0,0.041
15.8,-6.0,4.9,0.0,
15.6,4.2,9.9,0.0,0.041
17.2,-2.0,7.6,2.5,
17.9,2.0,9.95,0.0,0.087
8.0,3.6,5.8,8.0,
9.8,2.2,6.0,0.0,
12.9,6.2,9.55,9.0,0.099
5.4,0.4,2.9,1.0,0.78
5.8,-5.8,0.0,0.0,0.278
7.8,-6.5,0.65,0.0,0.181
12.2,-6.4,2.9,0.0,
12.4,1.4,6.9,7.5,0.034
16.0,3.5,9.75,0.0,
,,,,0.078
15.7,0.5,8.1,0.0,0.078
14.8,5.2,10.0,20.0,
5.0,-1.5,1.75,2.0,7.13
3.0,-5.4,-1.2,6.0,2.0
-0.5,-5.0,-2.75,0.0,
13.0,10.0,11.5,0.0,0.222
5.0,-7.3,-1.15,0.0,0.115
8.6,-2.0,3.3,0.0,0.065
13.0,-3.6,4.7,0.0,
15.3,-3.4,5.95,0.0,0.06
17.4,-2.8,7.3,0.0,0.06
20.0,-0.2,9.9,0.0,0.065
20.2,7.2,13.7,0.0,0.07
21.4,3.4,12.4,0.0,0.07
21.6,8.1,14.85,0.0,0.081
18.0,2.5,10.25,0.0,0.052
13.2,0.2,6.7,0.0,0.048
13.8,-0.3,6.75,0.0,0.056
15.4,-5.0,5.2,0.0,0.04
6.8,-3.1,1.85,31.0,
10.8,4.0,7.4,10.0,0.384
11.6,2.8,7.2,1.0,0.44
11.0,2.8,6.9,0.0,10.7
13.0,0.0,6.5,5.5,
13.6,2.2,7.9,0.0,1.38
18.8,4.4,11.6,0.0,
21.4,0.0,10.7,0.0,
22.4,2.0,12.2,0.0,
25.4,3.0,14.2,0.0,
25.8,3.2,14.5,0.0,0.093
26.6,3.0,14.8,0.0,0.075
25.6,3.0,14.3,0.0,
27.9,11.1,19.5,0.0,0.056
27.7,10.0,18.85,0.0,
26.0,8.8,17.4,0.0,0.048
17.1,-3.2,6.95,0.0,0.161
16.4,5.2,10.8,0.0,0.068
19.8,-4.4,7.7,0.0,0.772
19.9,4.8,12.35,0.0,0.024
19.6,6.0,12.8,0.0,
19.4,1.6,10.5,9.5,
14.8,7.8,11.3,0.0,0.206
14.8,4.6,9.7,0.0,0.305
19.9,0.8,10.35,0.0,0.198
21.8,0.0,10.9,12.5,0.198
20.6,4.0,12.3,0.0,
18.3,-1.3,8.5,0.0,0.341
19.9,-0.4,9.75,0.0,0.182
20.4,-1.1,9.65,0.0,0.182
24.1,5.0,14.55,1.0,
23.4,2.2,12.8,0.0,0.168
23.8,2.0,12.9,6.0,0.23
22.4,12.8,17.6,0.0,0.38
20.2,0.2,10.2,0.0,0.23
25.8,4.0,14.9,18.0,
19.2,10.0,14.6,2.0,
21.4,4.6,13.0,0.0,0.333
21.9,4.8,13.35,0.0,
24.4,3.3,13.85,0.0,0.269
23.9,4.1,14.0,0.0,
22.5,6.0,14.25,0.0,0.449
22.8,4.6,13.7,0.0,0.288
25.6,4.0,14.8,0.0,0.232
21.6,10.5,16.05,12.0,
15.4,10.0,12.7,12.0,
20.2,3.3,11.75,0.0,2.21
22.8,3.4,13.1,0.0,0.592
24.8,5.5,15.15,0.0,0.285
24.5,11.3,17.9,5.0,0.144
25.0,10.0,17.5,0.0,0.087
23.8,9.8,16.8,19.0,0.048
18.4,11.5,14.95,4.0,
19.0,10.8,14.9,3.0,1.55
20.4,3.7,12.05,0.0,1.71
20.4,4.8,12.6,0.0,1.65
23.8,5.0,14.4,0.0,2.17
24.2,3.7,13.95,0.0,1.02
28.8,6.3,17.55,0.0,0.099
29.8,15.7,22.75,0.0,
28.1,6.8,17.45,0.0,0.056
29.6,12.2,20.9,0.0,0.034
30.4,9.7,20.05,0.0,0.048
29.5,12.5,21.0,0.0,0.065
29.8,7.5,18.65,0.0,
30.3,12.9,21.6,0.0,0.048
32.5,12.1,22.3,0.0,0.056
31.2,14.2,22.7,0.0,0.065
28.4,4.5,16.45,0.0,
31.9,10.1,21.0,0.0,
30.6,5.0,17.8,0.0,0.032
31.3,5.7,18.5,0.0,
34.4,6.0,20.2,0.0,
33.1,8.5,20.8,0.0,
32.2,7.8,20.0,0.0,0.021
35.9,10.6,23.25,,0.014
38.0,10.5,24.25,,0.012
37.4,11.4,24.4,,0.0
35.6,12.0,23.8,,0.0
36.1,11.5,23.8,,0.0
33.0,11.0,22.0,,0.0
34.2,12.6,23.4,,0.0
34.7,7.6,21.15,,0.0
36.7,11.8,24.25,,0.0
40.5,16.2,28.35,,
37.6,12.6,25.1,,0.0
34.5,12.0,23.25,,0.0
36.6,14.5,25.55,,0.0
36.1,15.0,25.55,,0.0
35.3,13.1,24.2,,
35.1,16.8,25.95,,0.0
32.7,9.1,20.9,,0.0
32.4,9.7,21.05,,0.0
33.2,10.7,21.95,,
35.2,10.9,23.05,,0.0
38.1,10.7,24.4,,
38.4,9.5,23.95,,0.0
38.6,12.6,25.6,,0.0
42.4,13.6,28.0,,
42.0,13.9,27.95,,
39.2,14.2,26.7,,0.0
39.2,13.5,26.35,,0.0
42.5,14.3,28.4,,0.0
41.6,12.9,27.25,,0.0
43.9,14.4,29.15,,
43.8,14.2,29.0,,0.0
42.7,20.8,31.75,,0.0
39.0,14.1,26.55,,
39.4,13.8,26.6,,0.0
41.0,13.3,27.15,,
41.9,14.2,28.05,,0.0
41.3,19.4,30.35,,0.0
39.1,16.9,28.0,,0.0
38.8,14.2,26.5,,0.0
42.8,17.0,29.9,,0.0
41.2,21.3,31.25,,
39.6,19.6,29.6,,0.0
39.5,19.3,29.4,,0.0
36.5,16.6,26.55,,0.0
36.6,13.6,25.1,,0.0
35.6,14.4,25.0,,
37.4,11.9,24.65,,0.0
38.2,14.0,26.1,,0.0
39.7,16.5,28.1,,0.0
39.8,13.3,26.55,,
39.8,14.3,27.05,,0.0
39.4,14.7,27.05,,0.0
38.5,14.7,26.6,,
39.8,18.4,29.1,,0.0
39.3,17.2,28.25,,0.0
39.6,16.4,28.0,,
39.4,12.9,26.15,,
40.4,13.8,27.1,,0.0
42.0,13.2,27.6,,0.0
41.0,13.2,27.1,,0.0
39.3,12.2,25.75,,
41.2,13.6,27.4,,0.0
40.0,12.9,26.45,,
38.0,11.0,24.5,,
37.4,12.2,24.8,,0.0
36.7,14.2,25.45,,
37.4,15.0,26.2,,0.0
36.9,14.0,25.45,,0.0
37.7,13.0,25.35,,0.0
38.4,14.0,26.2,,0.0
39.0,12.0,25.5,,
39.8,11.7,25.75,,0.0
40.0,13.6,26.8,,0.0
38.7,12.4,25.55,,0.0
38.7,12.2,25.45,,
38.8,12.1,25.45,,0.0
38.6,13.8,26.2,,
38.8,11.4,25.1,,0.0
36.6,10.8,23.7,,
37.2,9.5,23.35,,0.0
37.4,8.8,23.1,,0.0
34.6,9.1,21.85,,
34.6,7.9,21.25,,
36.2,7.4,21.8,,
34.7,14.4,24.55,,0.0
33.9,11.5,22.7,,0.0
34.5,14.4,24.45,,
36.7,14.1,25.4,,0.0
35.6,14.2,24.9,,0.0
35.4,13.8,24.6,,0.0
34.8,12.6,23.7,,0.0
34.4,9.8,22.1,,0.0
32.9,8.4,20.65,,0.036
31.8,7.8,19.8,,0.08
31.8,9.0,20.4,,0.073
33.0,7.2,20.1,,0.049
32.8,7.2,20.0,,0.065
31.8,11.0,21.4,,0.081
30.6,6.4,18.5,,0.111
32.6,7.2,19.9,,
30.7,13.7,22.2,,0.111
28.7,7.4,18.05,,
26.0,6.6,16.3,,0.123
26.5,4.2,15.35,,0.138
26.3,3.0,14.65,,0.263
31.2,5.0,18.1,,0.17
31.4,5.0,18.2,,
29.6,4.6,17.1,,0.173
31.9,3.0,17.45,,0.08
33.2,3.6,18.4,,0.113
32.4,4.6,18.5,,0.137
32.2,5.4,18.8,,0.173
32.1,5.8,18.95,,0.192
30.2,2.4,16.3,,0.237
28.8,5.4,17.1,,0.192
26.2,3.2,14.7,,0.192
25.6,2.0,13.8,,
25.4,2.2,13.8,,0.17
21.1,7.5,14.3,10.0,
21.3,9.3,15.3,8.0,
17.2,6.2,11.7,0.0,0.287
18.4,3.9,11.15,0.0,0.432
20.2,4.0,12.1,0.0,0.287
21.3,4.8,13.05,0.0,
22.0,3.2,12.6,0.0,0.19
22.5,2.6,12.55,0.0,0.17
23.2,1.2,12.2,0.0,0.17
23.3,1.0,12.15,0.0,0.17
23.4,0.5,11.95,0.0,0.189
23.5,0.4,11.95,0.0,0.189
23.0,-1.2,10.9,10.0,0.189
21.4,-1.6,9.9,8.0,0.189
21.8,-1.6,10.1,0.0,0.154
20.9,-2.0,9.45,0.0,0.17
20.0,-5.0,7.5,0.0,0.154
20.5,-5.2,7.65,0.0,0.17
20.8,-4.2,8.3,0.0,0.17
21.2,-3.8,8.7,0.0,0.154
21.4,-3.8,8.8,0.0,0.138
21.0,-5.5,7.75,0.0,0.123
20.8,-6.4,7.2,0.0,0.138
20.4,-4.6,7.9,0.0,0.123
21.3,-4.4,8.45,0.0,0.123
22.4,-4.2,9.1,0.0,0.125
23.2,-1.6,10.8,0.0,0.152
21.8,-5.2,8.3,0.0,
19.3,-6.4,6.45,0.0,0.125
20.6,-6.6,7.0,0.0,0.111
20.8,-5.2,7.8,0.0,0.099
20.1,-1.9,9.1,0.0,
18.2,6.8,12.5,5.0,0.123
17.5,5.7,11.6,25.0,0.152
12.2,-0.4,5.9,0.0,0.189
13.1,-5.0,4.05,0.0,0.477
13.2,0.2,6.7,0.0,0.17
15.3,-0.3,7.5,0.0,0.152
15.2,-2.8,6.2,0.0,0.152
15.4,-2.4,6.5,0.0,0.152
14.8,-2.8,6.0,0.0,
14.5,-4.6,4.95,0.0,
14.5,-4.2,5.15,0.0,0.111
14.5,-5.1,4.7,0.0,0.071
14.8,-7.2,3.8,0.0,
15.9,-8.4,3.75,0.0,0.099
15.4,-7.6,3.9,0.0,0.099
15.2,5.4,10.3,0.0,
12.0,3.2,7.6,0.0,0.111
12.2,-2.4,4.9,0.0,0.125
10.9,-6.0,2.45,0.0,
14.0,1.4,7.7,0.0,0.099
8.6,-1.3,3.65,0.0,0.099
10.6,1.2,5.9,0.0,0.099
10.4,-5.0,2.7,0.0,0.099
12.0,1.9,6.95,0.0,
9.3,-2.0,3.65,0.0,0.099
9.3,-2.8,3.25,0.0,0.099
7.4,-7.6,-0.0999999,0.0,0.089
7.8,-9.8,-1.0,0.0,0.079
7.4,-11.0,-1.8,4.5,
5.9,-6.0,-0.05,0.0,0.358
6.1,-7.0,-0.45,0.0,0.189
6.8,-7.4,-0.3,0.0,0.138
8.6,-7.2,0.7,0.0,0.099
9.8,-8.4,0.7,0.0,0.089
8.8,-9.4,-0.3,0.0,0.079
11.8,-8.2,1.8,0.0,
5.8,-9.0,-1.6,0.0,0.099
6.2,1.0,3.6,0.0,
6.9,-0.8,3.05,0.0,0.196
9.0,1.5,5.25,0.0,0.433
9.2,-2.0,3.6,5.2,0.211
11.4,2.6,7.0,23.0,0.211
11.2,1.5,6.35,1.0,0.922
4.7,-1.7,1.5,0.0,1.44
2.0,-8.8,-3.4,13.0,0.376
1.8,-8.9,-3.55,0.0,0.211
2.4,-9.9,-3.75,0.0,
3.8,-2.4,0.7,0.0,
3.6,-5.8,-1.1,0.0,
10.0,-7.7,1.15,1.0,
11.8,-3.6,4.1,0.0,
10.5,-7.0,1.75,0.0,0.08
9.4,-9.0,0.2,3.0,0.089
11.6,-7.9,1.85,3.0,0.079
14.5,-0.2,7.15,0.0,0.063
14.1,1.6,7.85,0.0,
10.8,-0.8,5.0,0.0,0.089
14.8,-5.8,4.5,0.0,0.099
15.6,3.7,9.65,0.0,0.099
13.4,2.6,8.0,0.0,
17.4,-3.9,6.75,0.0,0.11
18.7,-4.9,6.9,0.0,0.11
18.6,-2.4,8.1,0.0,
16.6,-3.2,6.7,0.0,0.123
16.4,-1.0,7.7,0.0,0.123
15.2,2.3,8.75,0.0,0.123
13.2,3.3,8.25,0.0,0.111
13.1,-5.4,3.85,0.0,
13.2,4.0,8.6,0.0,0.111
14.8,-10.4,2.2,0.0,0.111
16.2,-6.8,4.7,0.0,0.111
13.2,5.0,9.1,14.0,0.111
18.2,7.0,12.6,7.0,
14.6,1.5,8.05,0.0,0.14
15.8,-2.6,6.6,0.0,
10.6,2.0,6.3,0.0,0.11
14.6,-4.6,5.0,0.0,0.1
17.6,-7.2,5.2,0.0,0.089
20.0,-5.6,7.2,0.0,0.089
23.4,-5.2,9.1,0.0,
24.4,0.1,12.25,0.0,0.079
26.0,-0.2,12.9,0.0,0.079
25.6,5.6,15.6,0.0,
15.6,6.6,11.1,3.0,0.071
10.4,0.6,5.5,14.0,0.079
12.0,-0.6,5.7,16.0,0.513
18.4,-0.6,8.9,0.0,0.563
17.8,-0.3,8.75,0.0,0.211
18.8,-0.8,9.0,0.0,0.113
21.6,-1.0,10.3,0.0,
23.0,-1.0,11.0,0.0,0.051
25.0,0.3,12.65,0.0,
23.8,13.0,18.4,0.0,
20.8,0.5,10.65,0.0,0.051
14.6,1.4,8.0,0.0,0.064
19.6,1.5,10.55,0.0,0.071
21.0,5.6,13.3,0.0,0.079
21.4,7.4,14.4,5.5,
16.8,3.6,10.2,0.0,
20.6,0.1,10.35,0.0,0.052
22.8,0.7,11.75,0.0,0.041
24.8,2.6,13.7,0.0,0.036
25.6,8.0,16.8,6.0,0.0
16.3,11.0,13.65,12.0,
24.4,6.8,15.6,0.0,
19.2,8.6,13.9,1.0,0.063
21.0,8.4,14.7,6.0,0.081
24.4,4.0,14.2,0.0,
26.8,7.0,16.9,0.0,0.078
16.9,10.6,13.75,41.0,0.101
20.8,7.0,13.9,0.0,2.07
18.7,6.2,12.45,1.0,1.43
22.1,5.0,13.55,0.0,1.0
22.4,5.8,14.1,0.0,0.288
26.6,11.4,19.0,0.0,0.064
24.4,10.7,17.55,0.0,0.057
26.3,5.9,16.1,0.0,
30.6,11.6,21.1,0.0,
30.2,10.4,20.3,0.0,
30.8,12.6,21.7,0.0,
27.4,8.9,18.15,0.0,
22.4,11.7,17.05,0.0,0.0
22.3,5.4,13.85,2.0,0.0
20.3,10.7,15.5,4.0,0.018
31.2,14.5,22.85,0.0,0.047
30.6,12.6,21.6,0.0,0.047
31.2,13.2,22.2,0.0,0.023
31.0,11.0,21.0,0.0,
30.4,9.8,20.1,0.0,0.0
30.6,8.0,19.3,0.0,0.0
31.6,12.4,22.0,0.0,0.0
31.4,11.8,21.6,0.0,0.0
31.8,12.6,22.2,0.0,
33.2,12.2,22.7,0.0,0.0
37.2,14.5,25.85,0.0,
37.0,16.2,26.6,,0.0
36.5,17.8,27.15,,0.0
31.8,16.8,24.3,,
32.2,12.6,22.4,,0.0
35.2,13.6,24.4,,0.0
35.4,15.2,25.3,,0.0
35.2,15.5,25.35,,0.0
33.2,12.9,23.05,,0.0
31.1,13.2,22.15,,
30.2,11.5,20.85,,0.0
31.4,11.2,21.3,,
37.4,12.2,24.8,,0.0
36.2,13.1,24.65,,0.0
35.6,16.2,25.9,,
36.0,16.4,26.2,,
35.5,17.8,26.65,,0.0
35.6,11.2,23.4,,
35.4,13.9,24.65,,
35.6,13.4,24.5,,
36.0,12.6,24.3,,
35.6,11.9,23.75,,0.0
35.4,12.8,24.1,,0.0
35.2,13.2,24.2,,0.0
35.6,15.2,25.4,,
36.4,15.8,26.1,,
41.2,16.8,29.0,,
42.8,18.8,30.8,,0.0
43.0,19.0,31.0,,
39.2,19.4,29.3,,
38.0,18.6,28.3,,0.0
38.2,19.0,28.6,,0.0
39.2,18.0,28.6,,0.0
39.4,18.4,28.9,,0.0
39.6,18.6,29.1,,0.0
36.5,16.4,26.45,,0.0
35.8,16.0,25.9,,0.0
35.2,16.4,25.8,,
36.0,16.5,26.25,,0.0
36.1,16.3,26.2,,0.0
36.2,16.1,26.15,,0.0
36.9,16.8,26.85,,
38.0,17.2,27.6,,0.0
40.6,18.1,29.35,,
41.4,18.5,29.95,,
41.6,19.8,30.7,,
41.5,20.2,30.85,,0.0
41.4,20.4,30.9,,0.0
41.6,19.0,30.3,,0.0
41.9,19.1,30.5,,0.0
41.8,19.6,30.7,,0.0
41.6,20.2,30.9,,0.0
41.2,20.0,30.6,,0.0
40.6,18.8,29.7,,
40.2,18.2,29.2,,0.0
39.4,18.4,28.9,,
38.6,18.6,28.6,,0.0
37.2,18.2,27.7,,
36.8,18.1,27.45,,0.0
36.6,19.4,28.0,,0.0
36.0,18.2,27.1,,0.0
35.8,18.0,26.9,,0.0
35.8,17.6,26.7,,
35.6,17.2,26.4,,
35.4,16.9,26.15,,
36.1,16.2,26.15,,0.0
36.4,17.4,26.9,,0.0
35.4,17.2,26.3,,0.0
35.2,15.8,25.5,,0.0
35.1,15.6,25.35,,0.0
35.0,15.2,25.1,,0.0
34.1,14.4,24.25,,0.0
33.6,14.0,23.8,,0.0
33.8,13.8,23.8,,
33.4,13.2,23.3,,0.0
32.8,12.4,22.6,,
33.1,12.8,22.95,,0.0
33.8,12.4,23.1,,0.0
33.6,12.6,23.1,,0.0
33.6,14.2,23.9,,
32.6,9.6,21.1,,0.0
32.8,10.4,21.6,,0.0
33.6,10.1,21.85,,
32.4,10.4,21.4,,0.0
32.0,10.4,21.2,,0.0
31.4,9.4,20.4,,0.0
31.9,9.1,20.5,,0.0
31.8,11.2,21.5,,0.0
32.4,10.8,21.6,,0.0
31.8,11.0,21.4,,0.0
31.6,11.1,21.35,,0.0
30.8,10.4,20.6,,0.0
30.4,11.4,20.9,,
30.2,10.0,20.1,,0.0
29.9,9.6,19.75,,0.0
31.1,9.8,20.45,,0.0
29.8,9.2,19.5,,0.0
28.6,10.2,19.4,0.0,
27.8,8.9,18.35,0.0,0.0
27.9,8.5,18.2,0.0,0.0
28.6,8.2,18.4,0.0,0.0
28.9,8.4,18.65,0.0,0.0
29.2,7.8,18.5,0.0,0.0
27.4,7.5,17.45,0.0,
27.6,7.2,17.4,0.0,0.0
27.6,7.5,17.55,0.0,
28.5,7.8,18.15,0.0,0.0
29.0,7.8,18.4,0.0,
27.6,7.2,17.4,0.0,0.0
29.9,7.4,18.65,0.0,
29.1,7.4,18.25,0.0,0.0
29.4,8.1,18.75,0.0,0.0
28.4,8.4,18.4,0.0,0.0
28.0,7.6,17.8,0.0,0.0
25.1,6.1,15.6,0.0,
24.1,5.1,14.6,0.0,0.0
23.5,4.9,14.2,0.0,0.0
23.4,4.2,13.8,0.0,0.0
19.0,3.6,11.3,0.3,
18.4,10.1,14.25,17.0,
20.1,9.6,14.85,20.5,0.293
13.6,10.2,11.9,0.0,1.7
16.2,6.9,11.55,0.0,
16.4,7.0,11.7,0.0,0.897
14.9,4.2,9.55,0.0,
16.2,3.9,10.05,0.0,0.017
16.7,3.7,10.2,0.0,
17.2,5.9,11.55,1.0,0.013
17.6,8.6,13.1,5.0,0.013
17.3,2.8,10.05,0.0,0.013
17.3,2.8,10.05,2.0,0.069
,,,,
,,,,0.013
,,,,
,,,,0.013
,,,,0.013
,,,,0.013
,,,,0.013
,,,,0.013
13.4,1.6,7.5,0.0,0.097
12.2,1.0,6.6,0.0,0.034
14.2,6.5,10.35,6.0,
10.6,1.2,5.9,0.0,0.097
10.1,-2.5,3.8,0.0,
10.4,-3.8,3.3,0.0,0.0
9.4,-2.9,3.25,2.0,0.0
7.2,-1.5,2.85,0.0,0.002
9.1,-4.9,2.1,0.0,0.139
10.2,-5.4,2.4,0.0,
10.8,-5.8,2.5,0.0,0.013
11.4,-3.6,3.9,0.0,
9.2,-6.6,1.3,0.0,
10.5,-6.9,1.8,0.0,0.019
11.2,-6.5,2.35,0.0,0.002
12.4,-5.2,3.6,0.0,
13.0,-7.4,2.8,0.0,0.021
13.0,-6.2,3.4,0.0,0.043
12.6,-6.0,3.3,0.0,0.082
11.4,-1.5,4.95,0.0,0.099
13.0,-3.9,4.55,0.0,0.082
13.6,-3.1,5.25,0.0,
14.0,-2.6,5.7,0.0,0.082
14.4,-2.2,6.1,0.0,0.067
9.2,-1.5,3.85,0.0,
10.2,-3.8,3.2,0.0,0.099
11.4,-4.2,3.6,0.0,0.118
12.2,-6.8,2.7,0.0,
13.1,-6.2,3.45,0.0,
11.4,-5.8,2.8,0.0,
13.2,-2.0,5.6,0.0,0.054
11.4,1.4,6.4,0.0,
9.2,-4.4,2.4,0.0,
8.6,-5.6,1.5,0.0,0.108
9.6,-4.0,2.8,0.0,
8.2,-6.2,1.0,0.0,0.09
8.6,-2.0,3.3,2.0,0.077
9.4,0.0,4.7,6.0,0.09
9.8,0.5,5.15,2.0,0.14
7.2,-3.4,1.9,0.0,0.108
7.5,-4.6,1.45,0.0,
12.1,-5.8,3.15,0.0,0.06
12.4,-5.2,3.6,0.0,0.042
12.2,-4.2,4.0,0.0,0.06
12.5,-3.6,4.45,18.5,
9.1,2.4,5.75,0.0,
12.0,-3.6,4.2,0.0,
12.4,-3.8,4.3,0.0,0.073
9.0,1.2,5.1,0.0,0.048
10.5,-3.4,3.55,0.0,0.048
7.8,-4.5,1.65,0.0,0.038
10.6,-4.6,3.0,0.0,
11.2,-4.2,3.5,0.0,0.054
11.8,-5.4,3.2,0.0,
4.8,-5.6,-0.4,2.0,0.038
2.4,-11.2,-4.4,0.0,
8.2,-11.4,-1.6,0.0,0.082
7.2,-9.8,-1.3,0.0,0.061
7.8,-9.6,-0.9,0.0,
6.9,-5.6,0.65,0.5,
9.2,-5.6,1.8,0.0,0.033
8.2,1.6,4.9,0.0,0.043
4.6,1.4,3.0,11.0,0.048
8.6,3.6,6.1,14.0,0.067
6.8,-3.2,1.8,0.0,0.097
5.9,-10.6,-2.35,0.0,0.215
7.4,-9.3,-0.95,0.0,0.048
10.2,-6.3,1.95,0.0,0.06
6.4,1.5,3.95,2.0,0.09
10.4,1.2,5.8,1.0,0.1
7.8,-3.8,2.0,0.0,0.128
12.8,-4.1,4.35,0.0,0.06
14.5,-1.6,6.45,1.0,0.06
8.5,0.2,4.35,4.0,0.075
5.8,2.2,4.0,8.0,0.099
4.2,-3.8,0.2,1.2,
4.4,-7.4,-1.5,0.0,0.222
6.8,-9.8,-1.5,0.0,0.099
10.9,-3.2,3.85,0.0,0.082
6.8,0.5,3.65,3.0,0.099
9.6,-7.8,0.9,0.0,0.14
10.8,-5.2,2.8,0.0,0.156
13.8,-3.8,5.0,0.0,0.067
14.9,-4.2,5.35,0.0,0.082
9.6,1.8,5.7,0.0,
4.2,-1.2,1.5,6.0,
2.0,-4.8,-1.4,10.5,0.118
4.2,-2.5,0.85,9.0,0.118
0.8,-12.4,-5.8,0.0,0.152
1.2,-13.4,-6.1,0.0,0.236
8.2,-9.8,-0.8,0.0,0.22
10.8,-5.9,2.45,0.0,0.13
11.2,-4.8,3.2,0.0,
19.5,9.2,14.35,0.0,
20.8,8.9,14.85,0.0,0.082
18.2,9.2,13.7,0.0,0.067
13.4,1.8,7.6,2.0,0.075
5.8,3.4,4.6,3.0,0.082
9.8,-5.7,2.05,0.0,0.082
14.8,-6.9,3.95,0.0,0.075
17.2,-5.8,5.7,0.0,
18.5,-4.8,6.85,0.0,0.118
16.4,-5.4,5.5,0.0,0.09
17.6,-3.3,7.15,0.0,0.099
14.6,3.9,9.25,0.0,0.178
17.2,0.8,9.0,0.0,0.311
11.4,6.1,8.75,13.0,
20.4,4.4,12.4,0.0,
20.2,5.6,12.9,2.5,0.166
19.8,5.9,12.85,13.0,0.14
20.2,5.4,12.8,0.0,0.163
22.8,3.8,13.3,0.0,
24.6,7.4,16.0,0.0,0.118
24.2,7.2,15.7,0.0,0.1
16.7,10.2,13.45,52.0,0.136
18.5,5.4,11.95,0.0,0.363
18.5,7.8,13.15,7.0,0.325
21.0,8.8,14.9,0.0,0.346
16.2,6.5,11.35,2.0,
19.2,4.5,11.85,0.0,0.128
21.6,5.2,13.4,0.0,0.128
20.4,7.8,14.1,0.0,0.151
22.4,3.2,12.8,0.0,0.128
22.6,3.8,13.2,0.0,0.068
22.5,2.8,12.65,0.0,0.0
23.1,3.5,13.3,0.0,0.0
24.4,5.6,15.0,0.0,0.0
25.8,7.2,16.5,0.0,0.0
27.2,6.4,16.8,0.0,0.0
26.6,10.2,18.4,0.0,0.0
27.6,11.6,19.6,0.0,0.0
28.5,13.8,21.15,6.0,0.0
25.2,6.8,16.0,0.0,0.0
24.5,5.5,15.0,0.0,0.0
25.2,4.3,14.75,0.0,
27.6,8.1,17.85,0.0,
27.5,12.8,20.15,0.0,
30.2,13.5,21.85,0.0,0.0
31.1,6.9,19.0,0.0,
30.5,10.8,20.65,0.0,
29.6,10.1,19.85,0.0,0.0
28.6,11.8,20.2,0.0,0.0
26.8,7.2,17.0,0.0,0.0
29.2,8.4,18.8,0.0,0.0
30.8,9.5,20.15,0.0,
31.2,8.3,19.75,0.0,
32.1,12.1,22.1,0.0,0.0
26.9,12.8,19.85,0.0,0.0
25.2,9.7,17.45,0.0,
27.8,7.5,17.65,0.0,0.0
28.2,12.4,20.3,0.0,0.0
29.5,12.2,20.85,0.0,0.0
28.2,6.6,17.4,0.0,0.0
27.8,8.6,18.2,0.0,0.0
29.9,6.8,18.35,0.0,0.0
31.4,8.1,19.75,0.0,
32.4,12.9,22.65,0.0,0.0
31.2,9.1,20.15,,0.0
31.2,8.9,20.05,,
36.6,12.8,24.7,,0.0
36.2,11.5,23.85,,
34.8,11.5,23.15,,0.0
32.8,9.1,20.95,,
34.1,10.3,22.2,,
35.6,11.4,23.5,,
36.7,12.6,24.65,,0.0
36.5,14.6,25.55,,0.0
37.4,15.4,26.4,,0.0
38.2,15.8,27.0,,
32.4,17.2,24.8,,0.0
33.1,14.9,24.0,,0.0
33.6,14.7,24.15,,0.0
34.2,15.3,24.75,,
34.8,14.2,24.5,,
34.7,15.2,24.95,,0.0
35.1,15.6,25.35,,0.0
35.3,13.8,24.55,,0.0
35.2,10.2,22.7,,
36.4,11.8,24.1,,
36.4,10.8,23.6,,0.0
36.6,10.5,23.55,,
36.8,12.4,24.6,,0.0
35.8,13.6,24.7,,
35.6,13.8,24.7,,0.0
36.7,16.4,26.55,,0.0
38.4,19.4,28.9,,
35.4,21.4,28.4,,0.0
37.5,15.8,26.65,,0.0
38.2,14.9,26.55,,
38.8,16.9,27.85,,0.0
40.0,18.6,29.3,,
40.1,17.2,28.65,,0.0
39.2,16.8,28.0,,0.0
39.0,20.2,29.6,,
38.9,22.0,30.45,,0.0
39.4,19.4,29.4,,0.0
38.6,14.6,26.6,,0.0
38.6,15.9,27.25,,0.0
38.6,21.4,30.0,,0.0
38.8,13.9,26.35,,0.0
38.2,15.6,26.9,,0.0
39.6,16.1,27.85,,0.0
38.7,17.6,28.15,,
37.1,14.1,25.6,,0.0
36.8,14.6,25.7,,0.0
37.4,15.6,26.5,,
38.4,14.1,26.25,,
38.5,14.5,26.5,,0.0
39.1,15.2,27.15,,0.0
38.8,14.8,26.8,,0.0
37.2,11.9,24.55,,0.0
36.5,11.9,24.2,,0.0
37.2,13.5,25.35,,0.0
36.4,11.8,24.1,,
36.5,14.2,25.35,,0.0
37.6,12.6,25.1,,0.0
37.3,14.2,25.75,,0.0
37.5,14.1,25.8,,0.0
36.4,13.0,24.7,,
36.8,12.6,24.7,,0.0
36.4,12.4,24.4,,0.0
36.4,11.5,23.95,,
36.2,10.5,23.35,,
36.0,11.4,23.7,,0.0
35.8,11.2,23.5,,0.0
35.6,11.1,23.35,,
35.4,11.4,23.4,,0.0
36.0,12.2,24.1,,0.0
36.0,10.6,23.3,,
35.8,9.0,22.4,,0.0
35.5,9.8,22.65,,0.0
35.1,9.6,22.35,,0.0
35.4,11.2,23.3,,
35.9,9.6,22.75,,
35.6,8.7,22.15,,0.0
35.6,9.6,22.6,,
35.4,10.5,22.95,,0.0
35.2,8.7,21.95,,0.0
35.0,7.5,21.25,,0.0
33.8,6.5,20.15,,
33.6,9.8,21.7,,
33.2,9.4,21.3,,0.0
33.0,7.9,20.45,,
32.7,8.2,20.45,,
32.5,5.5,19.0,,0.0
32.4,6.8,19.6,,0.0
31.9,10.2,21.05,,0.0
32.4,8.5,20.45,,0.0
32.6,8.8,20.7,0.0,
32.9,8.2,20.55,0.0,0.0
32.4,9.5,20.95,0.0,
32.5,8.1,20.3,0.0,0.0
31.4,8.2,19.8,0.0,0.0
30.9,7.8,19.35,0.0,
30.6,8.1,19.35,0.0,0.0
30.5,10.2,20.35,0.0,0.0
30.5,9.4,19.95,0.0,0.0
30.8,15.2,23.0,0.0,
29.6,7.1,18.35,0.0,0.0
30.2,6.5,18.35,0.0,
29.1,4.8,16.95,0.0,
27.6,4.5,16.05,0.0,0.0
24.4,11.5,17.95,5.5,0.0
21.8,6.9,14.35,0.0,0.0
22.1,6.8,14.45,2.0,
22.6,11.2,16.9,0.0,0.0
22.2,12.8,17.5,0.0,
23.6,3.9,13.75,0.0,0.0
20.2,12.6,16.4,0.0,0.0
17.6,11.4,14.5,0.0,0.0
18.4,4.3,11.35,0.0,0.172
19.6,3.9,11.75,0.0,0.116
19.8,3.6,11.7,0.0,0.0
20.2,3.4,11.8,0.0,0.0
20.8,2.3,11.55,0.0,0.0
21.4,4.8,13.1,0.0,0.0
22.4,9.6,16.0,0.0,0.0
22.2,10.9,16.55,0.0,
21.5,3.8,12.65,0.0,
21.2,3.2,12.2,0.0,0.0
21.8,4.6,13.2,0.0,0.0
24.1,5.2,14.65,0.0,0.0
12.8,7.6,10.2,26.0,0.11
16.2,1.8,9.0,0.0,0.298
15.8,1.6,8.7,0.0,0.131
14.9,1.4,8.15,2.0,0.109
11.4,7.9,9.65,11.0,
13.6,7.2,10.4,0.0,0.403
10.4,6.2,8.3,22.0,
10.8,6.2,8.5,3.0,
13.2,6.2,9.7,0.0,0.227
10.4,-1.4,4.5,0.0,0.421
13.2,-1.1,6.05,0.0,0.189
13.1,-1.8,5.65,0.0,0.126
14.8,-2.4,6.2,0.0,0.149
15.6,-2.9,6.35,0.0,
15.2,-2.8,6.2,0.0,0.124
13.2,-2.1,5.55,0.0,0.169
11.5,4.7,8.1,0.0,0.169
10.6,5.4,8.0,9.0,
10.5,2.0,6.25,0.0,0.345
11.4,3.6,7.5,0.0,0.56
9.6,5.2,7.4,2.0,0.406
7.8,-2.5,2.65,0.0,0.205
6.4,-3.0,1.7,0.0,
7.1,-3.6,1.75,0.0,0.149
8.5,-4.5,2.0,0.0,
8.2,-4.6,1.8,0.0,0.131
10.4,-4.9,2.75,0.0,
13.5,5.4,9.45,0.0,0.14
12.6,7.8,10.2,18.0,0.215
10.8,0.8,5.8,2.0,0.228
9.4,-2.4,3.5,0.0,
13.2,-3.2,5.0,0.0,0.32
10.2,4.6,7.4,23.0,
10.8,5.3,8.05,0.0,0.419
9.2,0.2,4.7,0.0,
10.6,-5.2,2.7,0.0,0.305
11.4,-4.3,3.55,0.0,0.179
11.2,-5.8,2.7,0.0,
11.8,-1.5,5.15,0.0,0.168
12.8,-4.9,3.95,0.0,
10.4,-6.2,2.1,0.0,0.168
10.6,1.1,5.85,0.0,0.179
10.0,-1.4,4.3,2.0,
8.9,2.2,5.55,0.0,0.179
6.8,0.5,3.65,18.0,0.202
2.1,0.5,1.3,1.0,0.256
0.0,-11.8,-5.9,0.0,0.242
0.4,-12.5,-6.05,0.0,0.271
3.2,-6.4,-1.6,0.0,
5.4,-6.8,-0.7,0.0,0.18
6.2,-6.5,-0.15,0.0,0.124
8.1,-6.1,1.0,0.0,0.123
7.2,-9.4,-1.1,0.0,0.116
6.4,-8.4,-1.0,0.0,0.132
9.4,-7.2,1.1,0.0,0.191
12.2,-2.4,4.9,0.0,
10.8,-6.5,2.15,0.0,
10.2,-6.2,2.0,0.0,0.132
13.5,-2.6,5.45,0.0,0.132
11.6,4.9,8.25,0.0,0.14
13.8,0.8,7.3,2.0,
7.4,6.8,7.1,22.0,0.869
9.2,1.2,5.2,0.0,1.96
6.8,0.5,3.65,0.0,
7.4,2.5,4.95,0.0,0.706
7.6,-0.4,3.6,0.0,0.319
9.6,-5.1,2.25,0.0,
12.1,-3.8,4.15,0.0,
13.4,-1.7,5.85,0.0,0.179
16.4,-4.2,6.1,0.0,
18.2,-1.8,8.2,0.0,0.149
16.8,4.2,10.5,0.0,
12.1,-4.5,3.8,0.0,0.158
13.8,-3.4,5.2,0.0,0.158
15.4,0.0,7.7,0.0,
17.6,7.1,12.35,0.0,0.108
12.8,-4.8,4.0,0.0,0.14
11.6,-5.8,2.9,0.0,0.132
12.8,-3.5,4.65,0.0,
8.2,3.6,5.9,0.0,
13.1,1.0,7.05,0.0,0.203
16.2,-2.4,6.9,0.0,0.14
17.4,-3.2,7.1,0.0,0.108
18.2,-3.8,7.2,0.0,0.116
18.4,8.1,13.25,0.0,0.108
18.6,7.0,12.8,0.0,0.116
18.2,-2.4,7.9,2.0,0.116
18.8,7.4,13.1,0.0,0.116
13.2,-0.6,6.3,0.0,0.19
9.4,-5.0,2.2,0.0,
10.8,-7.2,1.8,0.0,0.168
12.6,1.1,6.85,0.0,0.131
16.0,-0.2,7.9,0.0,0.14
17.2,-3.4,6.9,0.0,0.123
20.1,1.0,10.55,0.0,0.131
22.0,4.8,13.4,0.0,0.116
23.8,0.4,12.1,0.0,0.102
22.2,1.2,11.7,0.0,0.102
22.4,8.2,15.3,0.0,0.14
16.2,5.2,10.7,0.0,0.132
15.4,-4.6,5.4,0.0,0.149
16.8,-3.1,6.85,0.0,0.102
19.1,-4.4,7.35,0.0,
20.6,4.1,12.35,0.0,0.045
18.2,8.2,13.2,0.0,0.0
17.4,-5.4,6.0,0.0,0.0
22.2,-2.6,9.8,0.0,0.0
22.1,2.2,12.15,0.0,0.0
19.6,0.2,9.9,0.0,0.0
18.9,-1.4,8.75,0.0,0.0
22.1,-3.1,9.5,0.0,
31.4,10.9,21.15,,
,,,,
,,,,0.0
,,,,
,,,,0.0
,,,,
,,,,0.0
,,,,
,,,,0.0
,,,,0.0
,,,,0.0
,,,,0.0
,,,,0.0
,,,,0.0
,,,,0.0
,,,,
,,,,
,,,,
,,,,
,,,,0.0
,,,,
,,,,
,,,,0.0
,,,,0.0
,,,,0.0
,,,,
,,,,0.0
,,,,
,,,,0.051
,,,,
,,,,0.0
,,,,0.0
,,,,0.0
,,,,
,,,,0.0
,,,,
,,,,0.159
,,,,
,,,,0.058
,,,,0.359
,,,,0.287
,,,,0.102
,,,,0.0
,,,,0.0
,,,,0.0
,,,,0.0
,,,,
30.5,14.2,22.35,,0.0
32.6,12.1,22.35,,0.0
32.8,12.9,22.85,,
31.5,9.5,20.5,,0.0
29.8,9.6,19.7,,0.0
29.4,11.6,20.5,,
30.8,9.0,19.9,,
33.2,11.9,22.55,,0.0
30.4,12.5,21.45,,0.0
32.5,9.1,20.8,,0.0
35.6,12.5,24.05,,0.0
39.2,12.9,26.05,,0.0
35.8,12.9,24.35,,
34.2,12.2,23.2,,0.0
32.4,12.5,22.45,,0.0
32.6,13.5,23.05,,
34.2,14.1,24.15,,0.0
33.4,13.2,23.3,,0.0
36.4,13.2,24.8,,0.0
38.4,15.8,27.1,,0.0
36.5,18.8,27.65,,0.0
38.0,20.2,29.1,,0.0
,,,,0.0
,,,,0.0
,,,,0.0
,,,,0.0
,,,,0.0
,,,,
,,,,0.0
,,,,
,,,,0.0
,,,,0.0
,,,,0.0
,,,,0.0
,,,,0.0
,,,,0.0
,,,,0.0
,,,,0.0
,,,,
,,,,0.0
,,,,0.0
,,,,0.0
,,,,
,,,,0.0
,,,,0.0
,,,,0.0
,,,,0.0
,,,,
,,,,
,,,,
,,,,0.0
,,,,0.0
,,,,0.0
,,,,0.0
,,,,
,,,,0.0
,,,,0.0
,,,,0.0
,,,,0.0
,,,,0.0
,,,,
,,,,0.0
,,,,0.0
,,,,0.0
,,,,0.0
,,,,0.0
,,,,0.0
,,,,0.0
,,,,0.0
,,,,0.0
,,,,0.0
,,,,
,,,,
,,,,0.0
,,,,0.0
,,,,0.0
,,,,0.0
,,,,
,,,,0.0
,,,,
,,,,0.0
,,,,
,,,,0.0
,,,,0.0
,,,,
,,,,0.0
,,,,
,,,,0.0
,,,,
,,,,0.0
,,,,
,,,,0.0
,,,,0.0
,,,,
,,,,0.0
,,,,0.0
,,,,
,,,,
,,,,0.0
,,,,0.0
,,,,0.0
,,,,0.0
,,,,0.0
,,,,0.0
,,,,
,,,,0.0
,,,,0.0
,,,,
,,,,0.0
,,,,0.0
,,,,0.0
,,,,0.0
,,,,0.0
,,,,0.0
,,,,0.0
,,,,0.0
,,,,0.0
,,,,0.0
,,,,0.0
,,,,
,,,,
,,,,0.0
,,,,0.229
,,,,
,,,,0.426
,,,,0.184
,,,,0.147
,,,,0.051
,,,,0.102
,,,,0.426
,,,,0.803
,,,,0.9
,,,,
,,,,
,,,,
,,,,0.29
,,,,0.287
,,,,0.199
,,,,0.126
,,,,0.051
,,,,0.21
,,,,
,,,,0.426
,,,,0.389
,,,,0.257
,,,,0.064
,,,,0.102
,,,,
,,,,
,,,,0.02
,,,,0.161
,,,,0.994
,,,,
,,,,0.123
,,,,
,,,,0.081
,,,,0.064
,,,,0.154
,,,,
,,,,0.199
,,,,
,,,,0.064
,,,,0.081
,,,,0.064
,,,,0.064
,,,,0.047
,,,,0.034
,,,,
,,,,0.047
,,,,
,,,,
,,,,
,,,,0.227
,,,,0.199
,,,,
,,,,0.102
,,,,0.287
,,,,0.32
,,,,
,,,,0.228
,,,,0.173
,,,,
,,,,0.199
,,,,0.228
,,,,0.199
,,,,0.39
,,,,0.501
,,,,0.319
,,,,0.124
,,,,0.147
,,,,
,,,,
,,,,0.147
,,,,
,,,,1.86
,,,,0.729
,,,,
,,,,
,,,,
,,,,
,,,,
,,,,
,,,,
,,,,0.064
,,,,0.047
,,,,3.4
,,,,0.124
,,,,0.54
,,,,
,,,,0.5
,,,,0.199
,,,,0.081
,,,,0.064
,,,,
,,,,0.083
,,,,0.083
,,,,
,,,,0.083
,,,,0.123
,,,,0.102
,,,,0.064
,,,,
,,,,
,,,,0.123
,,,,0.123
,,,,0.064
,,,,0.395
,,,,2.03
,,,,
,,,,
,,,,
,,,,1.91
,,,,0.812
,,,,0.581
,,,,0.501
,,,,0.424
,,,,0.173
,,,,0.123
,,,,0.123
,,,,
,,,,
,,,,0.034
,,,,0.0
,,,,0.071
,,,,0.798
,,,,0.59
,,,,0.29
,,,,0.172
,,,,0.109
,,,,0.102
,,,,
,,,,0.064
,,,,0.02
,,,,0.034
,,,,0.064
,,,,0.034
,,,,0.199
,,,,0.064
,,,,0.034
,,,,0.02
,,,,0.01
,,,,0.0
,,,,0.0
,,,,0.0
,,,,
,,,,0.0
,,,,0.0
,,,,0.0
,,,,0.0
,,,,0.0
,,,,0.0
,,,,0.0
,,,,0.0
,,,,
,,,,0.0
,,,,0.0
,,,,0.0
,,,,0.0
,,,,
,,,,0.0
,,,,0.0
,,,,
,,,,
,,,,0.0
,,,,0.0
,,,,0.0
,,,,
,,,,
,,,,
,,,,0.0
,,,,
,,,,
,,,,0.0
,,,,
,,,,
,,,,0.0
,,,,
,,,,0.0
,,,,0.0
,,,,0.0
,,,,
,,,,0.0
,,,,0.0
,,,,0.0
,,,,0.0
,,,,
,,,,0.0
,,,,0.0
,,,,0.0
,,,,0.0
,,,,0.0
,,,,0.0
,,,,0.0
,,,,0.0
,,,,0.0
,,,,0.0
,,,,
,,,,0.0
,,,,0.0
,,,,0.0
,,,,0.0
,,,,0.0
,,,,
,,,,0.0
,,,,
,,,,0.0
,,,,0.0
,,,,
,,,,0.0
,,,,
,,,,0.0
,,,,0.0
,,,,
,,,,0.0
,,,,0.0
,,,,0.0
,,,,
,,,,0.0
,,,,
,,,,0.0
,,,,0.0
,,,,0.0
,,,,0.0
,,,,0.0
,,,,
,,,,
,,,,
,,,,0.0
,,,,0.0
,,,,0.0
,,,,
,,,,0.0
,,,,0.0
,,,,0.0
,,,,0.0
,,,,
,,,,
,,,,0.0
,,,,0.0
,,,,0.0
,,,,
,,,,0.0
,,,,
,,,,0.0
,,,,
,,,,
,,,,
,,,,
,,,,0.0
,,,,
,,,,
,,,,0.0
,,,,0.0
,,,,0.0
,,,,
,,,,0.0
,,,,0.0
,,,,
,,,,
,,,,
,,,,0.0
,,,,
,,,,0.0
,,,,0.0
,,,,0.0
,,,,
,,,,0.0
,,,,
,,,,
,,,,0.0
,,,,0.0
,,,,0.0
,,,,0.0
,,,,
,,,,0.0
,,,,0.0
,,,,0.0
16.2,7.2,11.7,0.0,0.0
,,,,0.0
,,,,0.0
,,,,
,,,,0.0
,,,,
,,,,0.0
,,,,0.0
,,,,0.0
,,,,0.0
,,,,0.0
,,,,0.0
,,,,0.0
,,,,0.0
,,,,0.0
,,,,0.045
,,,,0.055
,,,,0.306
,,,,0.091
,,,,0.009
,,,,0.007
,,,,0.003
,,,,0.007
,,,,0.005
,,,,0.0
,,,,0.0
,,,,
,,,,0.002
15.0,7.7,11.35,10.0,
14.0,8.2,11.1,4.0,0.028
14.7,8.3,11.5,5.0,0.045
10.5,-1.8,4.35,6.0,0.028
10.8,-3.7,3.55,0.0,0.016
16.0,-5.0,5.5,0.0,0.007
15.0,-3.9,5.55,0.0,0.002
15.0,-3.3,5.85,0.0,0.0
15.5,-4.4,5.55,0.0,0.0
16.0,-4.4,5.8,0.0,0.0
15.0,-3.3,5.85,0.0,
16.0,-4.9,5.55,0.0,0.0
18.0,-3.8,7.1,0.0,0.0
19.2,-3.8,7.7,0.0,0.0
15.6,1.9,8.75,0.0,0.0
13.0,7.2,10.1,9.0,0.0
14.6,-0.2,7.2,0.0,
14.0,8.1,11.05,0.0,
13.0,8.7,10.85,12.0,0.0
12.8,6.3,9.55,0.0,0.002
14.0,1.2,7.6,0.0,
8.0,5.4,6.7,5.0,0.012
11.0,5.9,8.45,10.0,0.021
12.0,5.1,8.55,0.0,
13.0,3.8,8.4,0.0,
9.5,-2.3,3.6,0.0,0.178
9.3,-1.7,3.8,0.0,0.095
9.0,3.4,6.2,0.0,0.009
13.7,2.0,7.85,0.0,0.007
12.2,-1.7,5.25,0.0,
13.0,-0.5,6.25,0.0,0.0
13.5,-2.3,5.6,0.0,0.0
13.0,-2.5,5.25,0.0,0.0
11.4,1.5,6.45,0.0,0.0
13.0,-2.2,5.4,0.0,0.0
13.5,-3.9,4.8,0.0,0.0
16.0,-3.7,6.15,0.0,0.0
10.2,0.6,5.4,1.0,
10.5,6.1,8.3,16.0,
10.0,2.0,6.0,0.0,0.016
9.2,1.1,5.15,0.0,0.016
11.0,-0.8,5.1,0.0,0.013
10.5,4.7,7.6,4.0,
5.0,-2.0,1.5,0.0,
7.0,0.5,3.75,0.0,
7.0,-3.3,1.85,0.0,0.021
13.5,-1.4,6.05,0.0,
11.5,-3.1,4.2,0.0,0.016
12.8,-4.8,4.0,0.0,0.022
,,,,0.016
,,,,0.028
,,,,0.021
,,,,
,,,,
,,,,0.021
,,,,0.012
,,,,
,,,,
,,,,0.016
,,,,
,,,,
,,,,0.022
,,,,
,,,,0.016
,,,,
,,,,0.016
,,,,
,,,,0.021
,,,,0.016
,,,,
,,,,
,,,,0.009
,,,,
,,,,0.009
,,,,0.013
,,,,0.005
,,,,0.003
15.5,-3.2,6.15,0.0,0.004
17.3,-1.9,7.7,0.0,
15.0,-6.5,4.25,0.0,0.0
15.5,-11.0,2.25,0.0,0.0
17.1,-6.5,5.3,0.0,0.0
18.1,4.7,11.4,0.0,0.0
12.5,-9.2,1.65,0.0,0.0
11.7,-10.0,0.85,0.0,0.0
10.0,-6.7,1.65,0.0,
13.9,-1.2,6.35,0.0,
13.5,-3.8,4.85,0.0,
12.5,-2.2,5.15,0.0,0.0
12.0,2.3,7.15,4.0,0.0
5.1,-1.2,1.95,3.0,
6.7,-9.1,-1.2,0.0,0.0
9.6,-7.2,1.2,0.0,0.0
8.5,0.0,4.25,7.0,0.0
9.2,-0.6,4.3,0.0,0.0
14.9,-4.8,5.05,0.0,0.0
16.0,-5.0,5.5,0.0,
16.5,-3.2,6.65,0.0,0.0
13.5,-4.2,4.65,0.0,
13.2,-4.1,4.55,0.0,0.0
11.1,2.2,6.65,2.0,0.0
11.9,-2.3,4.8,0.0,
17.0,-12.6,2.2,0.0,0.0
20.0,-9.5,5.25,0.0,0.0
18.2,-4.4,6.9,0.0,0.0
15.5,-5.6,4.95,0.0,0.0
18.3,-9.0,4.65,0.0,
17.1,3.7,10.4,1.0,0.0
19.0,-4.4,7.3,0.0,0.0
18.5,-2.9,7.8,0.0,0.0
17.0,-5.2,5.9,0.0,0.0
17.5,-3.6,6.95,0.0,0.0
17.5,6.7,12.1,2.0,
18.5,-0.3,9.1,0.0,0.0
18.3,0.9,9.6,0.0,0.0
12.5,5.5,9.0,0.0,
12.5,-1.2,5.65,5.0,
12.9,-1.7,5.6,0.0,
14.0,2.4,8.2,0.0,0.0
13.0,3.7,8.35,0.0,0.0
17.3,-0.3,8.5,0.0,0.0
18.5,-1.0,8.75,0.0,0.0
11.5,1.3,6.4,24.0,0.012
13.5,2.2,7.85,0.0,0.045
18.0,0.2,9.1,0.0,0.123
18.5,1.3,9.9,0.0,
20.0,2.0,11.0,0.0,
20.5,1.7,11.1,0.0,0.005
24.0,-0.2,11.9,0.0,0.0
24.6,-0.1,12.25,0.0,0.0
23.5,0.0,11.75,0.0,0.0
27.1,1.9,14.5,0.0,0.0
21.9,12.3,17.1,15.0,0.0
21.9,9.0,15.45,0.0,0.0
12.7,-1.2,5.75,0.0,0.0
15.4,-0.4,7.5,0.0,0.0
19.5,-1.4,9.05,0.0,0.0
22.9,0.0,11.45,0.0,
21.7,0.2,10.95,0.0,0.0
22.0,0.4,11.2,0.0,0.0
22.9,-0.2,11.35,0.0,0.0
26.0,-2.1,11.95,0.0,0.0
21.2,0.6,10.9,0.0,
19.3,-2.6,8.35,0.0,0.0
25.4,-2.7,11.35,0.0,
26.3,-2.9,11.7,0.0,0.0
28.4,-3.0,12.7,0.0,
28.6,1.2,14.9,0.0,0.0
18.0,0.2,9.1,0.0,0.0
18.5,1.3,9.9,0.0,0.0
20.0,2.0,11.0,0.0,0.0
20.5,1.7,11.1,0.0,0.0
24.6,-0.1,12.25,0.0,0.0
23.5,0.0,11.75,0.0,0.0
21.9,9.0,15.45,0.0,
12.7,-1.2,5.75,0.0,0.0
19.5,-1.4,9.05,0.0,
22.9,0.0,11.45,0.0,0.0
21.7,0.2,10.95,0.0,0.0
20.5,-0.2,10.15,0.0,
22.0,0.4,11.2,0.0,0.0
22.9,-0.2,11.35,0.0,
24.7,0.3,12.5,0.0,
26.0,-2.1,11.95,0.0,
24.7,0.4,12.55,0.0,
21.2,0.6,10.9,0.0,0.0
19.3,-2.6,8.35,0.0,0.0
25.4,-2.7,11.35,0.0,
26.3,-2.9,11.7,0.0,
28.4,-3.0,12.7,0.0,
28.6,1.2,14.9,0.0,0.0
30.1,0.6,15.35,0.0,0.0
,,,,
,,,,0.0
,,,,
,,,,0.0
,,,,0.0
,,,,
,,,,
,,,,0.0
,,,,0.0
,,,,0.0
,,,,0.0
,,,,0.0
,,,,0.0
,,,,0.0
,,,,0.0
,,,,0.0
,,,,0.0
,,,,
,,,,
,,,,
,,,,0.0
,,,,0.0
,,,,0.0
,,,,0.0
,,,,0.0
,,,,0.0
,,,,0.0
,,,,0.0
,,,,
,,,,
,,,,0.0
,,,,0.0
,,,,
,,,,0.0
,,,,
,,,,0.0
,,,,0.0
,,,,
,,,,0.0
,,,,0.0
,,,,
,,,,
,,,,0.0
,,,,0.0
,,,,
,,,,0.0
,,,,
,,,,
,,,,
,,,,0.0
,,,,0.0
,,,,0.0
,,,,
,,,,
,,,,0.0
,,,,0.0
,,,,0.0
,,,,0.0
,,,,0.0
,,,,0.0
,,,,
,,,,0.0
,,,,
,,,,
,,,,0.0
,,,,0.0
,,,,0.0
,,,,0.0
,,,,
,,,,0.0
,,,,0.0
,,,,0.0
,,,,0.0
,,,,
,,,,0.0
,,,,
,,,,0.0
,,,,0.0
,,,,0.0
,,,,
,,,,0.0
,,,,0.0
,,,,0.0
,,,,
,,,,
,,,,0.0
,,,,0.0
,,,,0.0
,,,,0.0
,,,,
,,,,0.0
,,,,
,,,,0.992
,,,,11.6
,,,,30.1
,,,,5.67
,,,,1.09
,,,,0.1
,,,,
,,,,0.063
,,,,0.054
,,,,0.033
,,,,0.04
,,,,0.046
,,,,0.063
,,,,0.183
,,,,
,,,,0.375
,,,,
,,,,0.196
,,,,0.063
,,,,0.093
,,,,0.247
,,,,0.356
,,,,0.097
,,,,0.054
,,,,0.054
,,,,
,,,,0.023
,,,,
,,,,0.022
,,,,0.023
,,,,0.023
,,,,0.023
,,,,0.024
,,,,
,,,,0.025
,,,,0.026
,,,,0.027
,,,,0.083
,,,,0.063
,,,,
,,,,0.041
,,,,0.028
,,,,
,,,,0.033
,,,,0.047
,,,,0.033
,,,,0.039
,,,,
,,,,0.032
,,,,0.029
,,,,
,,,,0.025
7.7,1.9,4.8,5.0,0.026
3.1,-6.1,-1.5,0.0,
9.6,-1.8,3.9,0.0,0.027
13.9,0.6,7.25,0.0,0.028
12.8,4.1,8.45,0.0,0.028
8.7,5.1,6.9,11.0,0.028
9.0,-0.2,4.4,7.0,
12.4,-3.3,4.55,0.0,0.029
14.3,-3.5,5.4,0.0,
14.9,-3.9,5.5,0.0,0.03
14.3,-4.4,4.95,0.0,
16.6,-4.1,6.25,0.0,
16.6,-4.6,6.0,0.0,0.032
14.4,-4.5,4.95,0.0,0.033
13.1,1.1,7.1,0.0,
13.5,-3.3,5.1,0.0,0.04
11.0,6.1,8.55,0.0,
12.0,1.3,6.65,31.0,8.67
6.2,-3.2,1.5,11.0,22.6
2.0,-5.0,-1.5,2.0,5.25
3.7,-7.3,-1.8,0.0,0.089
12.1,-6.3,2.9,0.0,0.073
6.9,-4.5,1.2,0.0,
11.1,-1.2,4.95,0.0,0.064
11.4,-2.6,4.4,0.0,0.059
10.8,-4.9,2.95,0.0,
15.6,-4.8,5.4,0.0,0.044
14.9,-5.1,4.9,0.0,0.045
10.2,0.9,5.55,3.0,
8.2,0.4,4.3,8.0,0.035
10.3,-5.2,2.55,3.0,
15.6,-5.2,5.2,0.0,0.027
14.6,-2.5,6.05,0.0,0.023
16.8,-3.0,6.9,0.0,0.018
17.1,-2.8,7.15,0.0,0.021
16.3,-3.2,6.55,0.0,0.013
17.6,-3.2,7.2,0.0,
18.5,6.0,12.25,0.0,0.018
12.7,3.2,7.95,31.0,0.02
15.2,0.2,7.7,0.0,0.072
19.3,-0.3,9.5,0.0,
19.0,-0.4,9.3,0.0,0.048
19.5,3.5,11.5,3.0,
15.1,3.8,9.45,0.0,0.063
18.4,0.3,9.35,0.0,
19.7,2.6,11.15,4.0,0.052
19.3,-2.2,8.55,0.0,
17.7,-2.4,7.65,0.0,
18.3,-3.0,7.65,0.0,
18.7,-3.0,7.85,0.0,0.014
19.6,-1.8,8.9,0.0,
17.6,-1.1,8.25,0.0,0.01
18.2,-0.3,8.95,2.0,
19.8,-0.3,9.75,0.0,
18.9,0.1,9.5,0.0,
18.8,3.8,11.3,0.0,0.013
13.7,3.4,8.55,37.0,
13.4,0.3,6.85,0.0,
12.1,-2.5,4.8,7.0,0.017
14.9,-2.3,6.3,0.0,0.021
18.7,-1.3,8.7,0.0,0.424
20.0,-1.3,9.35,0.0,
19.8,2.9,11.35,0.0,0.158
15.8,7.7,11.75,0.0,0.232
14.1,-0.6,6.75,25.0,
13.9,-0.8,6.55,250.0,
14.5,-1.3,6.6,0.0,
15.9,-2.7,6.6,0.0,1.11
16.6,-1.4,7.6,0.0,0.854
18.5,-1.0,8.75,0.0,
20.5,-0.1,10.2,4.0,0.539
21.5,0.3,10.9,0.0,0.512
22.4,1.9,12.15,0.0,0.402
21.7,2.1,11.9,0.0,0.454
22.5,2.4,12.45,0.0,0.375
21.6,4.7,13.15,0.0,0.285
20.4,6.3,13.35,0.0,0.245
17.1,10.7,13.9,2.0,
16.2,7.7,11.95,0.0,1.64
18.1,6.1,12.1,0.0,
18.4,4.1,11.25,0.0,
18.4,2.6,10.5,37.0,4.37
18.8,3.2,11.0,0.0,2.91
19.3,3.1,11.2,2.0,1.45
19.6,2.1,10.85,7.0,0.713
22.3,1.8,12.05,0.0,
23.3,1.5,12.4,0.0,0.51
24.8,4.0,14.4,0.0,
27.0,8.1,17.55,0.0,
27.8,10.3,19.05,0.0,0.264
28.7,6.7,17.7,0.0,0.225
28.5,9.3,18.9,0.0,0.207
27.5,10.3,18.9,0.0,0.158
,10.7,,,
38.9,7.3,23.1,0.0,0.337
,,,,
,,,,
,,,,0.291
,,,,
,,,,0.24
,,,,0.207
,,,,0.375
,,,,0.375
,,,,0.328
,,,,
,,,,
,,,,0.189
,,,,0.13
,,,,0.13
,,,,0.061
,,,,0.058
,,,,0.056
,,,,
,,,,0.052
,,,,
,,,,0.039
,,,,0.038
,,,,0.037
,,,,0.036
,,,,0.035
,,,,0.034
,,,,
,,,,0.03
,,,,0.029
,,,,
,,,,0.027
,,,,0.026
,,,,0.025
,,,,0.025
,,,,
,,,,0.024
,,,,
,,,,0.024
,,,,0.024
,,,,0.023
,,,,0.023
,,,,0.023
,,,,0.023
,,,,
,,,,
,,,,0.022
,,,,0.022
,,,,0.022
,,,,0.022
38.0,8.2,23.1,0.0,
37.6,7.6,22.6,0.0,0.021
37.0,12.2,24.6,0.0,0.021
36.0,10.7,23.35,0.0,0.021
35.0,10.5,22.75,0.0,0.021
35.2,9.6,22.4,0.0,
36.9,9.5,23.2,0.0,0.02
37.7,11.8,24.75,0.0,
35.7,10.5,23.1,0.0,0.0
37.9,9.0,23.45,0.0,
37.6,13.2,25.4,0.0,0.0
39.0,9.4,24.2,0.0,
40.1,11.2,25.65,0.0,
40.5,11.1,25.8,0.0,
40.9,9.6,25.25,0.0,
40.3,12.4,26.35,0.0,
38.2,11.4,24.8,0.0,0.0
40.2,10.1,25.15,0.0,0.0
40.4,10.3,25.35,0.0,0.0
40.3,9.3,24.8,0.0,0.0
35.8,7.9,21.85,0.0,
35.0,7.8,21.4,0.0,0.0
36.8,8.3,22.55,0.0,
37.6,6.8,22.2,0.0,0.0
36.0,8.6,22.3,0.0,0.0
37.1,7.8,22.45,0.0,
37.2,8.1,22.65,0.0,0.0
38.9,9.1,24.0,0.0,0.0
37.5,10.9,24.2,0.0,
37.9,10.2,24.05,0.0,0.0
38.9,11.3,25.1,0.0,0.0
40.1,10.9,25.5,0.0,0.0
39.0,9.2,24.1,0.0,0.0
39.1,10.4,24.75,0.0,0.0
39.7,9.2,24.45,0.0,
40.0,10.8,25.4,0.0,0.0
38.5,10.6,24.55,0.0,
37.7,9.3,23.5,0.0,0.0
38.8,11.3,25.05,0.0,
37.8,11.7,24.75,0.0,
37.3,13.0,25.15,0.0,0.0
37.6,11.8,24.7,0.0,0.0
37.0,11.3,24.15,0.0,
37.1,11.3,24.2,0.0,0.0
37.5,9.8,23.65,0.0,0.0
36.9,8.7,22.8,0.0,
37.7,8.2,22.95,0.0,
38.8,9.1,23.95,0.0,
39.2,10.1,24.65,0.0,
39.3,9.8,24.55,0.0,0.0
37.0,10.4,23.7,0.0,0.0
35.5,7.2,21.35,0.0,0.0
36.0,8.4,22.2,0.0,0.0
36.5,5.4,20.95,0.0,0.0
32.9,3.7,18.3,0.0,0.0
33.6,5.7,19.65,0.0,
34.5,5.0,19.75,0.0,0.0
35.3,4.6,19.95,0.0,0.0
33.5,4.0,18.75,0.0,0.0
34.3,3.8,19.05,0.0,0.0
33.4,3.9,18.65,0.0,0.0
33.9,,,0.0,0.0
34.6,4.8,19.7,0.0,0.0
33.3,4.1,18.7,0.0,0.0
30.9,1.6,16.25,0.0,
31.3,1.6,16.45,0.0,0.0
31.6,1.8,16.7,0.0,0.0
30.9,3.0,16.95,0.0,
31.7,3.0,17.35,0.0,
29.3,0.5,14.9,0.0,0.0
31.5,3.3,17.4,0.0,
30.2,1.8,16.0,0.0,0.0
26.7,0.0,13.35,0.0,
26.9,-0.1,13.4,0.0,0.0
23.0,1.8,12.4,2.0,0.0
25.7,3.4,14.55,0.0,
26.9,1.4,14.15,0.0,0.0
29.3,0.1,14.7,0.0,0.0
30.5,0.8,15.65,0.0,
31.3,0.6,15.95,0.0,0.003
30.4,-1.2,14.6,0.0,0.003
28.6,-1.2,13.7,0.0,0.003
28.8,-0.2,14.3,0.0,
28.2,-0.7,13.75,0.0,0.004
28.2,-1.0,13.6,0.0,0.004
28.3,-0.2,14.05,0.0,0.004
28.9,-0.2,14.35,0.0,0.004
25.7,0.2,12.95,0.0,
26.6,-1.2,12.7,0.0,0.005
27.2,-0.9,13.15,0.0,0.005
27.2,-0.1,13.55,0.0,0.005
26.7,-1.5,12.6,0.0,
26.3,-1.3,12.5,0.0,0.006
24.7,-4.0,10.35,0.0,0.006
26.4,-1.5,12.45,0.0,
25.3,-1.5,11.9,0.0,0.006
24.3,-2.0,11.15,0.0,0.006
24.9,-0.2,12.35,0.0,
26.9,7.7,17.3,0.0,0.007
26.4,4.2,15.3,0.0,
27.6,3.8,15.7,0.0,
25.9,0.5,13.2,0.0,0.008
23.8,-0.8,11.5,0.0,0.008
24.5,0.0,12.25,0.0,0.008
21.8,-5.6,8.1,0.0,
20.2,-5.2,7.5,0.0,0.009
19.6,-4.5,7.55,3.0,
20.7,-1.8,9.45,0.0,0.009
20.7,-4.1,8.3,0.0,0.009
18.0,-6.7,5.65,0.0,0.01
21.1,-7.4,6.85,0.0,0.01
23.6,-5.2,9.2,0.0,
24.5,-4.6,9.95,0.0,0.012
26.0,-4.9,10.55,0.0,
25.0,-5.3,9.85,0.0,0.017
24.6,-4.6,10.0,0.0,0.02
23.7,-4.0,9.85,0.0,
21.9,-5.1,8.4,0.0,
20.8,0.0,10.4,0.0,0.027
19.5,-5.6,6.95,0.0,
20.1,-6.1,7.0,0.0,
13.5,-2.0,5.75,0.0,0.034
12.5,-4.4,4.05,0.0,
5.6,-13.3,-3.85,0.0,
11.0,-15.0,-2.0,0.0,0.035
14.0,-13.0,0.5,0.0,0.037
14.6,-11.2,1.7,0.0,
15.2,-11.0,2.1,0.0,0.037
15.0,-11.0,2.0,0.0,
13.0,0.0,6.5,4.0,
15.9,-2.0,6.95,12.0,0.036
13.5,-6.4,3.55,0.0,0.035
15.9,-7.1,4.4,0.0,0.037
20.7,-1.8,9.45,0.0,0.041
12.6,-8.4,2.1,2.0,0.043
10.0,-10.0,0.0,0.0,0.039
9.7,-11.5,-0.9,0.0,0.041
10.9,-11.5,-0.3,0.0,
10.4,-11.2,-0.4,0.0,0.039
11.9,-10.9,0.5,0.0,0.041
12.7,-2.9,4.9,0.0,0.037
7.5,-10.1,-1.3,7.0,0.037
8.6,-9.5,-0.45,0.0,
8.9,-10.5,-0.8,0.0,0.037
8.3,,,0.0,0.039
8.7,-12.6,-1.95,0.0,0.039
12.0,-8.1,1.95,0.0,0.045
14.8,-8.6,3.1,0.0,
9.5,0.0,4.75,17.0,0.047
10.5,-2.4,4.05,15.0,0.05
8.2,-2.4,2.9,0.0,0.058
10.1,-5.7,2.2,0.0,0.087
11.5,-5.9,2.8,0.0,0.235
16.0,-0.9,7.55,0.0,0.147
13.0,-3.8,4.6,0.0,0.086
9.5,-5.7,1.9,0.0,0.079
10.8,-9.1,0.85,0.0,0.075
8.7,-9.8,-0.55,0.0,0.06
9.9,-10.1,-0.1,0.0,
11.8,-11.2,0.3,0.0,
14.0,-10.8,1.6,0.0,0.041
14.6,-8.3,3.15,0.0,
13.0,-8.2,2.4,0.0,0.039
14.0,-11.4,1.3,0.0,
13.1,-12.0,0.55,0.0,0.041
7.5,-9.6,-1.05,0.0,0.045
9.8,-5.2,2.3,2.0,0.045
11.3,-7.4,1.95,0.0,
10.8,-8.4,1.2,0.0,0.041
11.2,-8.8,1.2,0.0,0.039
11.9,-8.9,1.5,0.0,0.037
11.7,-6.6,2.55,0.0,0.066
11.5,-8.6,1.45,0.0,0.058
3.8,-8.7,-2.45,2.0,0.055
4.7,-10.9,-3.1,0.0,
11.6,-10.9,0.35,0.0,
15.6,-3.8,5.9,13.0,
4.8,-5.9,-0.55,14.0,0.194
5.3,-16.6,-5.65,5.0,0.148
6.4,-17.6,-5.6,0.0,
5.9,-15.5,-4.8,0.0,
-4.0,-12.3,-8.15,0.0,
5.1,-13.8,-4.35,0.0,
6.9,-11.6,-2.35,0.0,0.05
8.0,-10.6,-1.3,0.0,0.047
9.7,-10.3,-0.3,0.0,0.05
8.6,-3.7,2.45,3.0,0.045
9.6,-6.1,1.75,0.0,0.045
11.8,-6.2,2.8,0.0,0.043
8.9,-4.3,2.3,17.0,
9.4,-4.4,2.5,6.0,0.043
7.6,-8.2,-0.3,0.0,0.047
4.7,-12.5,-3.9,0.0,
8.7,-12.9,-2.1,0.0,0.052
12.3,-12.8,-0.25,0.0,0.058
13.2,-11.9,0.65,0.0,0.055
12.0,-10.8,0.6,0.0,0.052
12.6,-11.6,0.5,0.0,0.05
14.5,-11.6,1.45,0.0,0.047
17.5,-10.4,3.55,0.0,0.039
18.8,-8.0,5.4,0.0,
9.8,-0.6,4.6,0.0,0.041
8.8,-5.5,1.65,5.0,
14.6,-5.4,4.6,1.0,
13.8,-5.9,3.95,0.0,0.039
15.5,-6.5,4.5,0.0,0.041
16.8,-8.1,4.35,0.0,0.043
18.1,-8.1,5.0,0.0,
21.6,-7.9,6.85,0.0,0.047
16.3,-1.4,7.45,2.0,0.05
18.6,-3.5,7.55,0.0,0.05
13.8,-7.5,3.15,1.0,0.052
16.8,-6.6,5.1,0.0,0.058
11.7,-5.0,3.35,5.0,0.06
14.0,-5.0,4.5,0.0,0.066
11.5,-3.6,3.95,23.0,
13.8,-3.1,5.35,52.0,16.6
10.0,-1.4,4.3,0.0,3.51
13.7,0.0,6.85,3.0,0.738
8.5,-2.2,3.15,20.0,
14.0,-3.8,5.1,0.0,
13.5,-3.5,5.0,9.0,3.02
15.3,-3.5,5.9,0.0,
17.6,-3.4,7.1,0.0,
13.9,-2.2,5.85,0.0,0.235
16.8,-1.2,7.8,0.0,0.171
19.8,-1.9,8.95,2.0,
16.5,-1.6,7.45,2.0,0.159
19.0,0.0,9.5,4.0,0.165
11.1,-0.7,5.2,7.0,0.178
13.5,-4.9,4.3,1.0,0.185
18.0,-4.2,6.9,0.0,0.171
21.0,-3.3,8.85,0.0,0.159
21.0,-0.7,10.15,0.0,
20.6,0.0,10.3,0.0,0.094
20.9,0.0,10.45,0.0,0.098
24.0,0.0,12.0,0.0,0.094
19.5,0.0,9.75,7.0,
25.4,0.0,12.7,0.0,
25.1,0.0,12.55,0.0,
15.9,0.0,7.95,13.0,0.837
22.3,-0.9,10.7,0.0,1.11
20.1,-1.3,9.4,0.0,0.185
22.0,-1.5,10.25,12.0,0.185
21.0,-2.0,9.5,0.0,
26.7,0.0,13.35,0.0,0.116
23.9,0.0,11.95,4.0,0.116
25.0,-1.7,11.65,0.0,
24.7,-1.2,11.75,0.0,0.106
24.0,0.0,12.0,0.0,
26.7,0.0,13.35,0.0,0.098
27.8,0.0,13.9,0.0,
26.5,7.2,16.85,0.0,0.075
18.3,10.1,14.2,7.0,
24.9,9.0,16.95,0.0,
24.6,6.0,15.3,0.0,0.063
25.8,6.8,16.3,2.0,0.06
26.2,8.9,17.55,0.0,
26.7,5.0,15.85,0.0,0.045
27.8,4.7,16.25,0.0,
30.6,5.0,17.8,0.0,0.0
30.6,7.8,19.2,0.0,0.0
29.2,6.2,17.7,0.0,
27.6,3.7,15.65,0.0,
29.9,5.2,17.55,0.0,0.0
30.0,9.1,19.55,0.0,0.0
28.7,7.1,17.9,0.0,0.0
32.5,5.5,19.0,0.0,0.0
30.6,10.5,20.55,0.0,0.0
28.0,2.7,15.35,0.0,0.0
28.5,4.1,16.3,0.0,
28.4,9.3,18.85,0.0,0.0
29.0,2.5,15.75,0.0,0.0
31.7,3.4,17.55,0.0,0.0
32.3,8.4,20.35,0.0,0.0
31.3,4.2,17.75,0.0,0.0
32.0,7.6,19.8,0.0,
31.0,7.0,19.0,0.0,
29.2,6.2,17.7,0.0,0.0
31.9,7.3,19.6,0.0,0.0
34.7,7.7,21.2,0.0,0.0
35.8,7.8,21.8,0.0,
34.7,9.4,22.05,0.0,0.0
36.4,7.8,22.1,0.0,0.0
35.2,9.3,22.25,0.0,0.0
34.5,10.3,22.4,0.0,
33.3,6.7,20.0,0.0,0.0
34.6,8.9,21.75,0.0,0.0
36.7,9.3,23.0,0.0,0.0
33.7,13.9,23.8,0.0,0.0
31.7,11.2,21.45,0.0,0.0
34.7,10.2,22.45,0.0,0.0
34.5,9.9,22.2,0.0,0.0
32.8,11.2,22.0,0.0,0.0
31.5,8.1,19.8,0.0,
33.7,8.7,21.2,0.0,0.0
35.3,9.3,22.3,0.0,
35.9,10.7,23.3,0.0,0.0
37.5,11.1,24.3,0.0,0.0
39.1,12.0,25.55,0.0,
37.6,15.9,26.75,0.0,
37.7,10.1,23.9,0.0,0.0
36.0,12.5,24.25,0.0,
38.9,15.2,27.05,0.0,0.0
39.9,16.2,28.05,0.0,0.0
38.9,18.5,28.7,0.0,
38.7,18.6,28.65,0.0,0.0
38.5,16.7,27.6,0.0,0.0
39.1,19.4,29.25,0.0,0.0
40.6,16.1,28.35,0.0,0.0
37.2,16.2,26.7,0.0,
36.3,10.6,23.45,0.0,0.0
35.8,13.8,24.8,0.0,0.0
35.7,12.9,24.3,0.0,
37.0,12.5,24.75,0.0,
38.8,16.4,27.6,0.0,0.0
39.7,18.1,28.9,0.0,
39.2,15.8,27.5,0.0,0.0
39.7,15.5,27.6,0.0,
40.0,15.1,27.55,0.0,
39.7,14.9,27.3,0.0,0.0
39.8,13.7,26.75,0.0,0.0
37.6,17.0,27.3,0.0,0.0
36.6,11.5,24.05,0.0,0.0
36.5,12.3,24.4,0.0,0.0
40.3,14.4,27.35,0.0,0.0
40.0,15.0,27.5,0.0,
39.6,17.5,28.55,0.0,0.0
39.0,14.1,26.55,0.0,0.0
38.9,15.1,27.0,0.0,
37.6,16.7,27.15,0.0,0.0
38.2,15.7,26.95,0.0,
39.0,13.7,26.35,0.0,0.0
39.6,15.6,27.6,0.0,0.0
40.0,15.3,27.65,0.0,0.0
40.2,15.4,27.8,0.0,
40.2,15.3,27.75,0.0,0.0
40.0,15.1,27.55,0.0,0.0
38.0,20.7,29.35,0.0,0.0
38.7,17.4,28.05,0.0,0.0
39.2,15.9,27.55,0.0,0.0
39.0,15.6,27.3,0.0,0.0
37.0,11.7,24.35,0.0,0.0
35.8,12.4,24.1,0.0,0.0
36.8,16.2,26.5,0.0,
37.7,17.1,27.4,0.0,0.0
37.2,12.9,25.05,0.0,0.0
37.7,12.2,24.95,0.0,0.0
39.3,14.9,27.1,0.0,0.0
38.0,15.1,26.55,0.0,0.0
38.8,14.1,26.45,0.0,0.0
38.9,13.9,26.4,0.0,0.0
37.7,13.7,25.7,0.0,
36.3,11.9,24.1,0.0,0.0
36.1,12.1,24.1,0.0,0.0
36.5,13.5,25.0,0.0,0.0
37.4,14.3,25.85,0.0,0.0
38.5,15.1,26.8,0.0,
,,,,
,,,,0.0
,,,,0.0
,,,,0.0
,,,,
,,,,
,,,,0.0
,,,,
,,,,0.0
,,,,0.0
,,,,
,,,,
,,,,
,,,,0.0
,,,,0.0
,,,,0.0
,,,,0.0
,,,,0.0
,,,,0.0
,,,,0.0
,,,,
,,,,0.0
,,,,0.0
,,,,0.0
,,,,0.0
,,,,
,,,,0.0
,,,,
28.0,5.0,16.5,0.0,0.0
27.8,1.5,14.65,0.0,0.0
26.1,1.3,13.7,0.0,0.0
26.6,3.7,15.15,0.0,
25.9,1.5,13.7,0.0,0.0
24.4,-0.5,11.95,0.0,0.0
24.5,-0.5,12.0,0.0,
25.0,-1.1,11.95,0.0,0.0
24.6,-1.3,11.65,0.0,0.0
25.3,-0.6,12.35,0.0,0.0
24.3,2.1,13.2,0.0,0.0
27.5,4.6,16.05,0.0,0.0
28.2,9.7,18.95,0.0,0.0
,,,,0.0
,,,,
,,,,
,,,,0.0
,,,,
,,,,0.0
,,,,0.0
,,,,0.0
,,,,0.0
,,,,
,,,,0.0
,,,,0.0
,,,,0.0
,,,,
,,,,0.0
,,,,0.0
,,,,
,,,,0.0
,,,,0.0
,,,,
,,,,0.175
,,,,
,,,,
,,,,0.017
,,,,0.014
,,,,0.01
,,,,0.004
,,,,0.007
,,,,0.008
,,,,0.01
,,,,0.037
,,,,
,,,,
,,,,0.056
,,,,0.045
,,,,0.045
,,,,0.036
,,,,
,,,,0.027
,,,,0.027
,,,,
,,,,0.031
,,,,
,,,,
,,,,0.036
,,,,
,,,,
,,,,0.04
,,,,0.05
,,,,0.04
,,,,0.045
8.8,-0.9,3.95,8.5,0.045
8.3,-3.3,2.5,1.0,
9.3,-4.8,2.25,0.0,0.045
10.4,1.6,6.0,0.0,
8.2,0.4,4.3,0.0,0.045
9.6,-0.8,4.4,0.0,0.05
10.1,-4.2,2.95,0.0,
10.9,-6.1,2.4,0.0,
12.3,-6.5,2.9,0.0,
12.5,-6.8,2.85,0.0,
12.8,-6.8,3.0,0.0,0.027
14.4,-7.7,3.35,0.0,
16.3,-7.0,4.65,0.0,0.04
15.7,-4.1,5.8,0.0,0.041
11.2,-6.4,2.4,0.0,
9.5,-8.2,0.65,0.0,0.05
12.4,1.0,6.7,13.0,
12.4,-3.4,4.5,0.0,0.191
10.8,-2.6,4.1,0.0,0.116
12.1,-0.1,6.0,0.0,0.091
12.8,-2.1,5.35,0.0,0.068
13.3,-1.1,6.1,0.0,0.045
14.7,-2.1,6.3,0.0,0.065
14.5,-1.1,6.7,0.0,0.075
9.4,-4.9,2.25,3.5,
6.6,-6.2,0.2,0.0,0.065
6.5,-8.6,-1.05,0.0,0.065
,,,,0.051
,,,,0.06
,,,,0.068
,,,,
,,,,0.083
,,,,0.068
,,,,0.069
,,,,
,,,,0.274
,,,,
,,,,
,,,,3.5
,,,,10.9
,,,,2.63
,,,,1.06
,,,,0.179
,,,,0.376
,,,,1.32
,,,,0.829
,,,,
,,,,
,,,,0.361
,,,,0.186
,,,,0.1
,,,,0.076
,,,,
,,,,
,,,,0.04
,,,,0.031
,,,,
,,,,
,,,,0.032
,,,,0.032
,,,,0.032
,,,,
,,,,0.032
,,,,0.036
,,,,0.027
,,,,0.014
,,,,0.027
,,,,0.024
,,,,
,,,,0.008
,,,,0.009
,,,,0.01
,,,,0.011
,,,,0.012
,,,,
,,,,0.014
,,,,0.015
,,,,0.012
,,,,0.01
,,,,0.006
,,,,0.005
,,,,
,,,,
,,,,0.127
,,,,0.09
,,,,
,,,,0.091
,,,,0.058
,,,,0.051
,,,,0.04
,,,,0.067
,,,,0.069
,,,,0.031
,,,,0.01
,,,,0.056
,,,,0.26
,,,,
,,,,
,,,,0.179
,,,,0.156
,,,,0.09
,,,,0.075
,,,,0.068
,,,,
,,,,
,,,,1.13
,,,,
,,,,0.236
,,,,0.103
,,,,0.068
,,,,
,,,,0.047
,,,,0.047
,,,,0.043
,,,,0.036
,,,,0.038
,,,,0.036
,,,,0.032
,,,,0.027
,,,,0.017
,,,,0.004
,,,,0.009
,,,,0.005
,,,,
,,,,
,,,,0.006
,,,,0.007
,,,,0.008
,,,,0.008
,,,,0.009
,,,,0.009
,,,,
,,,,0.009
,,,,0.009
,,,,0.008
,,,,
,,,,0.007
,,,,0.006
,,,,0.004
,,,,
,,,,
,,,,0.007
,,,,0.004
,,,,0.004
,,,,0.005
,,,,0.006
,,,,0.006
,,,,0.007
,,,,
,,,,
,,,,
,,,,
,,,,
,,,,
,,,,0.009
,,,,0.009
,,,,0.008
,,,,
,,,,
,,,,0.007
,,,,0.006
,,,,
,,,,
,,,,
,,,,0.004
,,,,0.003
,,,,0.003
,,,,0.002
,,,,0.002
,,,,0.001
,,,,0.001
,,,,
,,,,
,,,,
,,,,0.0
,,,,0.0
,,,,0.0
,,,,0.0
,,,,0.0
,,,,0.0
,,,,
,,,,0.0
,,,,0.0
38.5,,,,0.0
39.8,,,0.0,0.0
39.3,,,0.0,0.0
37.3,,,0.0,
38.0,,,0.0,0.0
39.2,,,0.0,
39.3,,,0.0,0.0
37.2,,,0.0,0.0
37.2,,,0.0,0.0
39.8,,,0.0,0.0
39.8,,,0.0,
36.7,,,0.0,0.0
35.6,,,0.0,0.0
38.0,,,0.0,0.0
37.6,,,0.0,0.0
37.8,,,0.0,0.0
38.0,,,0.0,
35.9,,,0.0,0.0
34.4,,,0.0,0.0
34.9,,,0.0,0.0
34.7,,,0.0,0.0
33.6,,,0.0,
33.1,,,0.0,0.0
34.2,,,0.0,0.0
35.1,,,0.0,0.0
35.5,,,0.0,
35.7,,,0.0,
36.2,,,0.0,
38.4,,,0.0,0.0
37.3,,,0.0,
35.4,,,,0.0
34.8,,,0.0,
35.0,,,0.0,0.0
34.2,,,0.0,0.0
32.3,,,0.0,0.0
32.2,,,0.0,0.0
29.7,,,0.0,
32.5,,,0.0,0.0
32.4,,,0.0,0.0
32.9,,,0.0,0.0
31.3,,,0.0,0.0
32.1,,,0.0,0.0
32.4,,,0.0,
32.3,,,0.0,
29.8,,,0.0,0.0
29.9,,,0.0,
30.1,,,0.0,0.0
28.5,,,0.0,0.0
29.1,,,0.0,0.0
29.3,,,0.0,0.0
30.7,,,0.0,0.0
30.9,,,0.0,0.0
29.1,,,0.0,0.0
,,,0.0,0.0
,,,,
,,,,0.004
,,,,0.013
,,,,0.023
,,,,0.039
,,,,0.169
23.8,,,,0.496
24.8,,,0.0,
15.8,,,43.2,
18.6,,,51.0,1.63
19.6,,,0.0,1.12
18.8,,,330.8,0.125
20.6,,,16.2,0.039
16.8,,,,0.005
13.6,,,0.0,
13.6,,,,
12.2,,,10.8,1.12
13.1,,,54.0,1.9
16.3,,,2.0,0.728
17.8,,,22.2,0.125
17.4,,,19.6,0.125
14.3,,,0.2,
16.1,,,0.4,0.038
13.6,,,38.0,0.64
17.7,,,5.0,1.28
12.7,,,0.2,0.335
12.3,,,0.4,0.05
16.7,,,0.2,0.005
8.8,,,0.0,0.033
10.3,,,11.0,
11.6,,,28.2,
12.8,,,2.4,3.1
11.7,,,0.2,0.531
16.0,,,0.0,
15.6,,,0.2,
11.7,,,0.0,0.005
15.0,,,0.6,0.013
16.9,,,2.0,0.063
14.8,,,0.2,0.127
17.6,,,0.0,0.078
11.8,,,0.0,0.009
10.3,,,2.6,0.172
10.4,,,16.6,2.35
11.0,,,1.6,0.746
8.9,,,0.6,0.825
7.8,,,0.4,0.919
6.6,,,0.2,
13.7,,,0.0,0.222
5.3,,,0.2,0.11
8.6,,,0.0,0.081
7.2,,,4.4,0.365
8.2,,,9.4,
12.5,,,0.6,17.4
6.8,,,1.0,
9.4,,,6.2,
11.3,,,0.0,2.66
10.6,,,0.0,
10.6,,,0.2,
13.4,,,0.0,0.179
14.0,,,0.0,
6.9,,,3.4,1.52
8.6,,,0.2,1.55
10.2,,,0.0,0.222
6.7,,,0.2,0.133
9.5,,,5.0,
11.8,,,0.4,0.223
9.5,,,0.2,0.377
10.4,,,,0.544
9.5,,,0.0,0.393
8.7,,,0.0,0.236
11.4,,,0.0,0.14
6.8,,,0.0,
9.9,,,22.2,
13.9,,,2.4,
6.9,,,0.0,1.66
1.8,,,0.2,1.35
7.1,,,0.6,
8.8,,,0.2,
11.4,,,0.0,0.505
13.6,,,0.0,
15.0,,,0.0,0.393
11.4,,,0.0,0.369
9.5,,,32.8,70.3
13.3,,,0.0,4.01
7.9,,,0.4,2.38
8.5,,,0.4,2.3
11.0,,,0.0,2.57
13.0,,,0.0,1.86
14.1,,,0.0,1.59
13.2,,,0.0,1.46
6.9,,,11.8,4.22
11.2,,,2.2,4.95
9.2,,,3.0,4.97
12.1,,,0.0,1.47
7.8,,,12.6,6.93
6.7,,,0.8,2.99
7.2,,,0.0,2.19
11.3,,,0.0,
10.4,,,0.0,
13.7,,,0.0,1.28
12.4,,,4.2,
8.8,,,15.8,1.57
9.5,,,4.4,
11.3,,,0.0,
11.2,,,0.2,
13.5,,,1.6,2.56
14.9,,,0.0,2.12
12.6,,,0.0,
10.8,,,2.6,4.83
15.2,,,0.0,7.64
12.1,,,0.0,
17.2,,,0.0,3.04
17.5,,,0.0,
10.4,,,0.6,1.59
15.0,,,0.0,3.47
11.1,,,0.6,2.56
10.5,,,7.6,3.56
12.6,,,0.2,15.9
15.4,,,0.0,2.8
15.8,,,0.0,2.27
11.1,,,5.0,
11.3,,,8.6,31.2
14.4,,,0.2,9.79
13.0,,,11.0,
8.2,,,35.4,100.0
16.1,,,0.2,
17.6,,,0.0,15.7
18.8,,,0.4,11.4
16.1,,,0.2,10.9
19.1,,,0.0,9.07
18.7,,,1.4,8.11
20.0,,,6.8,8.32
21.2,,,0.0,7.35
19.8,,,2.2,9.67
20.8,,,0.2,12.2
23.7,,,0.0,6.87
23.6,,,0.0,5.57
21.7,,,0.0,4.96
14.6,,,0.0,
15.8,,,0.6,4.66
17.3,,,0.0,
12.6,,,1.0,
12.6,,,0.0,
14.7,,,0.6,3.74
18.6,,,0.0,
19.0,,,0.0,
19.9,,,0.0,3.26
18.9,,,0.0,3.03
21.7,,,0.0,
23.4,,,0.0,1.98
26.2,,,0.0,2.46
25.7,,,0.0,2.46
27.6,,,0.0,2.27
26.4,,,0.2,2.07
,,,1.2,2.14
24.1,,,3.6,2.59
25.4,,,0.0,2.46
27.6,,,0.0,
27.7,,,0.0,2.07
31.4,,,0.0,1.72
32.3,,,0.0,
30.9,,,0.0,
31.1,,,0.0,1.46
29.3,,,0.0,
25.7,,,3.6,1.59
25.7,,,7.2,0.075
27.3,,,0.0,0.206
29.1,,,0.0,
31.9,,,0.0,0.649
33.9,,,0.0,
32.2,,,0.0,0.159
31.8,,,0.0,0.147
32.8,,,0.0,0.139
31.8,,,0.0,0.108
30.5,,,0.0,0.079
32.4,,,0.0,
32.9,,,0.0,0.093
35.4,,,0.0,0.101
36.4,,,0.0,
36.8,,,0.0,0.101
36.6,,,0.0,0.121
36.1,,,0.0,
36.8,,,0.0,
37.0,,,0.0,0.151
33.1,,,0.0,
32.4,,,0.0,0.143
35.4,,,0.0,0.151
34.2,,,0.0,0.143
,,,,0.135
32.5,,,,0.124
34.6,,,0.0,0.144
33.9,,,0.0,
36.3,,,0.0,0.143
38.3,,,0.0,0.144
38.7,,,0.0,
38.4,,,0.0,0.114
37.9,,,0.0,
37.5,,,0.0,0.114
35.8,,,0.0,0.101
35.3,,,0.0,0.084
38.0,,,0.0,0.085
38.5,,,0.0,
37.1,,,0.0,0.076
34.7,,,0.0,
36.4,,,0.0,0.095
37.4,,,0.0,0.095
36.1,,,0.0,0.095
35.9,,,0.0,0.082
37.1,,,0.0,0.093
36.8,,,0.0,0.095
37.8,,,0.0,0.09
35.9,,,0.0,0.079
40.0,,,0.0,0.072
40.4,,,0.0,0.084
41.0,,,0.0,0.069
40.9,,,0.0,0.09
39.7,,,0.0,0.09
38.3,,,0.0,0.079
36.5,,,0.0,
38.5,,,0.0,0.087
34.1,,,0.0,
34.6,,,0.0,0.095
35.9,,,0.0,
39.1,,,0.0,0.074
39.0,,,0.0,0.09
38.2,,,0.0,0.079
38.1,,,0.0,0.078
36.3,,,0.0,0.111
41.0,,,0.0,
41.4,,,0.0,
40.3,,,0.0,
39.2,,,0.0,0.087
39.0,,,0.0,0.084
39.0,,,0.0,
38.2,,,0.0,0.099
36.9,,,0.0,0.102
37.4,,,0.0,0.102
38.4,,,0.0,0.108
39.0,,,0.0,
39.3,,,0.0,0.105
38.3,,,0.0,
37.9,,,0.0,0.093
38.4,,,0.0,0.093
39.2,,,0.0,
38.5,,,0.0,0.09
37.5,,,0.0,0.095
36.8,,,0.0,0.093
37.3,,,0.0,0.084
37.2,,,0.0,0.084
35.2,,,0.0,0.109
34.8,,,0.0,0.079
34.2,,,0.0,0.087
35.6,,,0.0,
34.2,,,0.0,0.09
34.6,,,0.0,
35.8,,,0.0,
34.4,,,0.0,0.101
33.0,,,0.0,0.115
31.8,,,0.0,0.108
31.4,,,0.0,0.102
35.7,,,0.0,
35.0,,,0.0,0.09
36.7,,,0.0,0.09
35.0,,,0.0,0.091
34.3,,,0.0,0.094
35.6,,,0.0,0.079
36.4,,,0.0,
33.7,,,0.0,
33.3,,,0.0,
,,,,0.087
34.0,,,,0.086
,,,,
32.5,,,0.0,0.091
33.0,,,0.0,
30.4,,,0.0,
28.4,,,0.0,
29.1,,,0.0,0.115
29.4,,,0.0,0.121
30.3,,,0.0,0.115
31.3,,,0.0,0.119
31.6,,,0.0,0.117
28.4,,,0.0,0.113
28.7,,,0.0,0.117
29.4,,,0.0,0.113
28.3,,,0.0,0.117
28.5,,,0.0,
29.1,,,0.0,0.115
26.9,,,0.2,0.267
22.4,,,10.6,0.13
24.9,,,0.0,0.215
20.1,,,0.0,0.115
20.4,,,6.6,0.119
21.6,,,16.2,0.162
18.0,,,0.0,0.285
18.3,,,7.2,0.159
20.3,,,1.2,0.124
15.9,,,0.8,0.123
20.2,,,6.6,
20.1,,,0.2,0.171
20.0,,,0.0,0.107
20.3,,,0.8,0.101
21.3,,,0.2,0.101
23.4,,,0.0,0.098
23.5,,,0.0,
20.9,,,0.0,
21.3,,,0.0,0.094
21.5,,,0.0,
20.5,,,0.0,0.113
20.1,,,0.0,0.108
17.1,,,0.2,0.119
11.4,,,0.0,0.109
12.5,,,0.0,0.096
10.7,,,0.0,0.1
14.9,,,0.0,0.099
15.1,,,0.0,0.097
13.8,,,0.0,0.102
16.2,,,0.0,0.09
16.9,,,0.0,0.086
17.7,,,0.0,0.073
14.5,,,1.2,0.069
16.4,,,0.2,0.119
16.5,,,0.0,0.119
17.0,,,0.0,
9.7,,,0.8,0.12
9.4,,,53.6,0.539
13.4,,,0.0,0.334
12.6,,,0.2,0.111
4.3,,,18.6,0.432
2.3,,,2.8,0.374
7.3,,,7.6,
9.6,,,0.2,
12.5,,,0.2,
12.9,,,0.2,0.103
10.9,,,0.2,
8.3,,,1.8,
11.5,,,0.2,
15.2,,,0.0,0.098
16.0,,,0.0,0.088
16.2,,,0.0,0.073
15.7,,,0.0,0.086
9.9,,,4.2,0.125
11.2,,,2.4,0.23
10.8,,,0.2,
10.0,,,0.4,0.103
12.1,,,0.2,0.09
12.9,,,0.2,0.084
10.7,,,0.2,0.091
13.5,,,0.0,0.091
11.1,,,0.0,
8.6,,,0.0,0.091
10.5,,,0.2,0.091
13.0,,,0.0,
10.3,,,0.0,0.087
7.7,,,0.0,0.155
10.1,,,0.0,0.084
7.9,,,0.0,0.081
8.7,,,0.0,
12.1,,,0.0,
13.2,,,1.6,0.102
9.4,,,2.8,0.141
10.0,,,0.0,0.113
9.8,,,0.0,
3.5,,,12.6,0.116
3.8,,,6.8,0.301
6.5,,,0.0,
10.0,,,0.0,0.107
12.4,,,0.0,0.083
13.4,,,0.2,
12.0,,,0.0,0.365
12.3,,,0.0,
6.9,,,1.0,0.026
7.4,,,0.8,0.115
10.2,,,0.0,0.098
11.2,,,0.0,0.098
13.8,,,0.0,
16.3,,,0.0,
16.8,,,0.0,0.101
12.7,,,0.0,0.098
7.5,,,0.0,0.107
-1.5,,,1.4,
4.5,,,0.0,
8.0,,,0.0,
13.2,,,0.0,0.096
16.9,,,0.0,
15.8,,,0.0,
13.5,,,1.4,0.101
,,,1.0,0.111
15.6,,,2.2,0.098
13.0,,,13.4,0.122
14.6,,,0.0,0.117
17.5,,,0.0,0.101
10.2,,,18.6,0.371
10.8,,,4.4,
12.8,,,0.2,0.154
16.5,,,0.0,
19.8,,,0.0,
20.3,,,0.0,0.108
16.1,,,0.0,0.101
16.5,,,5.4,0.119
20.1,,,0.0,
20.4,,,0.0,0.09
22.2,,,0.0,0.09
19.8,,,0.0,0.09
13.8,,,4.8,0.273
17.1,,,0.0,
18.3,,,0.0,
13.7,,,4.4,
16.8,,,0.0,0.206
16.1,,,2.6,0.178
13.8,,,3.8,0.243
17.6,,,0.0,
17.7,,,0.0,0.156
17.4,,,1.8,0.193
14.2,,,0.2,0.141
15.8,,,0.6,0.127
14.6,,,0.0,0.108
15.3,,,0.0,0.117
16.1,,,0.4,0.167
19.1,,,1.6,0.156
18.3,,,0.0,0.154
19.6,,,0.0,0.108
21.7,,,0.0,0.104
22.1,,,0.6,
18.9,,,0.8,0.125
21.1,,,2.6,0.227
17.9,,,0.0,0.242
17.3,,,0.2,0.191
19.8,,,0.0,
21.6,,,0.0,0.109
21.7,,,0.0,0.105
20.4,,,0.0,
23.2,,,0.0,
23.3,,,0.0,0.105
24.6,,,0.0,0.101
22.4,,,0.0,
24.5,,,20.0,0.187
21.5,,,1.0,0.1
19.9,,,0.0,0.106
19.4,,,0.0,
20.4,,,0.0,0.042
23.7,,,0.6,0.063
24.0,,,0.0,0.082
24.0,,,0.0,0.083
24.2,,,0.2,0.104
26.7,,,0.0,
21.6,,,0.0,0.09
26.3,,,0.0,
,,,0.0,
23.6,,,0.0,
24.8,,,0.0,0.071
27.4,,,0.0,0.066
30.4,,,0.0,0.058
32.1,,,0.0,
32.8,8.3,20.55,0.0,0.06
33.5,8.5,21.0,0.0,0.064
33.0,8.5,20.75,0.0,
33.5,9.4,21.45,0.0,0.041
33.0,10.0,21.5,0.0,
31.8,8.9,20.35,0.0,0.06
32.5,8.0,20.25,0.0,0.055
34.4,7.7,21.05,0.0,0.058
36.0,7.9,21.95,0.0,0.056
33.1,10.6,21.85,0.0,0.052
32.3,7.9,20.1,0.0,0.046
35.4,13.6,24.5,,0.052
34.0,9.4,21.7,0.0,
33.5,9.2,21.35,0.0,0.05
32.9,7.9,20.4,0.0,0.05
31.4,9.0,20.2,0.0,
32.3,6.7,19.5,0.0,
35.1,10.6,22.85,0.0,
33.9,8.4,21.15,0.0,0.05
36.3,10.0,23.15,0.0,0.051
33.9,10.8,22.35,0.0,0.05
33.1,8.3,20.7,0.0,0.046
32.0,7.8,19.9,0.0,
35.3,9.2,22.25,0.0,0.053
36.6,11.4,24.0,0.0,0.053
36.5,11.5,24.0,0.0,0.056
37.0,8.5,22.75,0.0,0.056
35.0,10.7,22.85,0.0,0.053
31.4,10.0,20.7,0.0,
29.4,9.2,19.3,0.0,0.046
31.5,9.4,20.45,0.0,0.046
38.5,10.3,24.4,0.0,0.046
38.3,11.4,24.85,0.0,0.032
38.0,10.4,24.2,0.0,0.03
37.2,12.3,24.75,0.0,
34.4,10.8,22.6,0.0,0.03
35.3,11.1,23.2,0.0,0.03
35.5,12.3,23.9,0.0,0.032
35.0,12.6,23.8,0.0,0.034
35.6,12.8,24.2,0.0,0.036
37.0,12.1,24.55,0.0,0.03
38.5,15.6,27.05,0.0,
38.0,14.4,26.2,0.0,0.03
38.0,20.2,29.1,0.0,0.054
37.7,14.4,26.05,0.0,
39.1,17.3,28.2,0.0,0.03
39.3,15.5,27.4,0.0,0.03
39.3,16.0,27.65,0.0,0.027
38.6,14.1,26.35,0.0,0.032
35.2,18.3,26.75,0.0,
34.6,12.7,23.65,0.0,
36.4,12.1,24.25,0.0,0.026
37.6,15.9,26.75,0.0,
38.6,19.0,28.8,0.0,0.036
39.2,17.2,28.2,0.0,0.036
40.4,16.0,28.2,0.0,0.034
41.5,14.0,27.75,0.0,0.027
,,,,0.025
,,,,
,,,,
,,,,
39.2,17.3,28.25,0.2,0.025
40.5,17.0,28.75,0.0,0.03
42.4,17.1,29.75,0.0,
41.6,18.0,29.8,0.0,0.024
38.6,32.2,35.4,,
,,,0.0,0.038
36.6,17.6,27.1,,0.026
36.8,12.0,24.4,0.0,0.024
34.7,13.1,23.9,0.0,0.018
35.9,13.9,24.9,0.0,0.007
36.2,19.1,27.65,0.0,
35.1,15.0,25.05,,0.017
37.7,32.3,35.0,,
,,,,
,,,,0.021
38.7,12.7,25.7,0.0,0.021
39.8,14.1,26.95,0.0,0.023
38.2,14.3,26.25,0.0,
37.8,14.2,26.0,0.0,
39.3,11.9,25.6,0.0,
37.9,12.6,25.25,0.0,
37.8,11.3,24.55,0.0,0.016
32.5,10.7,21.6,0.0,0.0
33.0,11.7,22.35,0.0,0.0
33.8,8.9,21.35,0.0,0.0
33.7,13.2,23.45,0.0,0.015
29.4,13.0,21.2,0.0,0.016
35.8,10.1,22.95,0.0,0.018
38.3,13.8,26.05,0.0,0.015
31.7,14.7,23.2,,0.016
35.5,11.5,23.5,0.0,0.018
36.7,12.5,24.6,0.0,0.015
36.4,12.7,24.55,0.0,
36.5,11.8,24.15,0.0,0.015
37.2,13.4,25.3,0.0,
34.6,11.4,23.0,0.0,
35.2,9.5,22.35,0.0,0.018
36.2,10.5,23.35,0.0,
35.5,12.2,23.85,0.0,0.019
34.6,12.0,23.3,0.0,
33.9,11.9,22.9,0.0,
34.9,11.0,22.95,0.0,0.028
36.0,9.8,22.9,0.0,0.017
34.5,9.2,21.85,0.0,
33.3,9.7,21.5,0.0,
26.5,8.0,17.25,0.0,
34.3,9.6,21.95,,0.02
34.8,10.6,22.7,0.0,0.019
34.3,8.2,21.25,0.0,
33.8,6.2,20.0,0.0,0.021
32.5,5.7,19.1,0.0,
32.5,8.8,20.65,0.0,0.018
31.6,13.5,22.55,0.0,0.023
30.6,10.2,20.4,0.0,0.027
29.6,9.2,19.4,0.0,0.031
30.5,9.5,20.0,0.0,0.026
31.2,9.1,20.15,,
31.2,8.7,19.95,0.0,
28.1,10.8,19.45,0.0,
28.1,8.3,18.2,0.0,0.045
27.8,4.2,16.0,0.0,0.038
25.5,3.1,14.3,0.0,0.045
23.9,7.6,15.75,0.0,0.042
26.3,10.1,18.2,0.0,0.054
27.8,5.1,16.45,0.0,0.042
27.0,2.4,14.7,0.0,0.04
28.4,2.6,15.5,0.0,
28.5,2.1,15.3,0.0,0.038
28.4,1.7,15.05,0.0,0.042
28.6,1.8,15.2,0.0,
28.9,0.9,14.9,0.0,0.049
28.4,0.7,14.55,0.0,0.048
27.1,2.0,14.55,0.0,
,,,0.0,
,,,,
27.0,0.3,13.65,0.0,0.049
26.5,0.3,13.4,0.0,0.049
24.8,8.0,16.4,0.0,0.051
26.5,0.9,13.7,,0.045
25.0,14.0,19.5,,
25.8,7.6,16.7,0.0,0.045
25.5,5.5,15.5,0.0,0.049
23.9,12.5,18.2,0.0,0.097
20.2,9.4,14.8,0.6,0.061
22.8,4.7,13.75,0.4,0.06
19.9,7.6,13.75,0.0,
18.9,3.9,11.4,0.2,0.051
17.8,3.2,10.5,0.0,
16.9,1.4,9.15,0.2,
17.7,-1.8,7.95,0.2,
17.4,-2.6,7.4,0.0,0.043
15.9,-0.6,7.65,1.2,
16.9,1.7,9.3,0.4,0.049
17.0,-2.2,7.4,1.0,0.058
17.7,-2.4,7.65,0.4,0.047
11.3,1.8,6.55,0.0,0.045
13.1,7.1,10.1,2.8,
14.4,2.9,8.65,36.8,1.67
15.7,-0.1,7.8,0.2,0.573
15.1,0.0,7.55,0.2,0.116
16.2,-1.2,7.5,0.2,0.076
12.8,7.4,10.1,0.2,0.074
15.7,5.4,10.55,1.2,
11.6,4.4,8.0,,0.144
10.8,5.6,8.2,36.4,0.657
13.9,4.6,9.25,,
13.4,0.7,7.05,0.2,0.117
13.6,1.5,7.55,0.2,0.106
12.8,-0.6,6.1,0.2,0.055
7.9,5.6,6.75,9.6,
12.0,2.1,7.05,2.0,0.24
14.1,-1.2,6.45,0.0,0.065
13.5,-2.3,5.6,0.2,
12.3,-2.8,4.75,0.0,0.068
16.5,0.5,8.5,0.2,
17.0,-0.4,8.3,0.0,
11.4,6.1,8.75,7.2,0.076
13.1,4.4,8.75,0.8,0.178
8.5,2.8,5.65,0.2,
10.0,0.8,5.4,0.2,
12.1,-4.2,3.95,0.0,
4.4,-4.2,0.0999999,0.2,0.064
13.0,0.4,6.7,,0.068
13.8,1.1,7.45,0.0,0.07
9.6,1.2,5.4,1.2,0.09
9.0,-7.4,0.8,0.0,
11.3,-7.7,1.8,0.0,0.067
14.3,-0.8,6.75,0.0,
15.5,-3.2,6.15,0.0,0.068
16.1,-3.9,6.1,0.0,
15.9,-3.5,6.2,0.0,0.068
16.3,-4.4,5.95,0.0,0.07
16.4,-4.4,6.0,0.0,0.07
12.4,-4.7,3.85,0.0,0.068
11.6,-5.2,3.2,0.0,
12.5,-8.1,2.2,0.0,0.068
12.7,-9.1,1.8,0.0,
15.0,-8.9,3.05,0.0,0.068
14.8,-9.5,2.65,0.0,0.068
15.4,-10.2,2.6,0.0,
18.5,-8.6,4.95,0.0,
18.8,-6.8,6.0,0.0,0.068
16.3,-4.8,5.75,0.0,0.068
10.7,1.9,6.3,4.0,0.081
14.5,-6.0,4.25,0.0,0.106
12.6,-0.8,5.9,0.0,0.071
11.1,-1.0,5.05,0.0,0.067
11.6,-4.3,3.65,0.0,
11.3,-5.6,2.85,0.0,
6.9,-1.2,2.85,10.0,0.093
5.7,-6.5,-0.4,0.0,0.159
10.2,-7.5,1.35,0.0,0.063
4.1,-6.6,-1.25,0.0,0.064
14.0,-7.5,3.25,0.0,0.063
14.9,-5.0,4.95,0.0,0.063
16.4,-4.6,5.9,0.0,
14.5,5.7,10.1,0.4,
7.8,-1.5,3.15,10.8,0.041
10.5,-4.0,3.25,2.2,
13.0,-1.6,5.7,0.0,0.043
16.9,-3.9,6.5,0.0,
18.5,-4.6,6.95,0.2,
15.7,-3.7,6.0,,0.058
11.5,5.9,8.7,2.0,
7.3,4.5,5.9,36.2,
12.8,4.9,8.85,5.6,0.675
16.2,0.1,8.15,0.2,
18.6,-1.1,8.75,0.2,0.311
20.1,-0.9,9.6,0.0,0.12
19.1,-3.3,7.9,0.0,0.076
18.1,-3.1,7.5,0.0,0.07
20.4,-3.1,8.65,0.0,
20.0,8.1,14.05,0.0,
15.8,6.6,11.2,,
8.4,3.1,5.75,5.8,
7.3,-4.2,1.55,0.0,0.128
10.3,-0.3,5.0,0.2,0.08
11.8,-5.1,3.35,0.2,0.12
14.5,-6.7,3.9,0.0,0.08
15.6,-7.1,4.25,0.0,0.064
10.0,2.2,6.1,0.4,0.08
15.3,-5.3,5.0,0.0,
14.2,-4.9,4.65,0.0,0.068
11.3,3.8,7.55,0.0,0.068
15.2,-2.6,6.3,0.0,
16.1,-4.5,5.8,0.0,0.068
16.3,-3.6,6.35,0.0,0.067
17.3,-4.6,6.35,0.2,
17.6,-2.7,7.45,0.0,0.078
20.1,4.5,12.3,0.0,
16.2,6.8,11.5,2.0,0.132
14.1,1.1,7.6,20.2,0.697
17.2,-1.2,8.0,0.2,
20.6,4.5,12.55,0.0,0.08
23.4,6.3,14.85,0.0,0.08
21.9,11.2,16.55,0.0,0.08
17.6,-0.3,8.65,0.0,0.089
17.1,-2.1,7.5,0.0,0.089
18.6,-0.3,9.15,0.0,
20.7,-0.9,9.9,0.0,0.084
16.5,8.2,12.35,1.6,0.084
22.6,11.5,17.05,0.2,0.133
19.2,10.5,14.85,1.0,0.127
17.2,0.4,8.8,0.0,0.062
19.6,-3.9,7.85,0.0,
22.2,-3.8,9.2,0.0,
24.4,2.3,13.35,0.0,
24.7,10.5,17.6,0.0,0.058
23.3,6.3,14.8,0.0,0.042
18.3,1.8,10.05,0.0,0.012
19.7,-1.0,9.35,0.0,
26.7,1.1,13.9,0.0,
24.7,6.2,15.45,0.0,0.0
27.6,5.8,16.7,0.0,
26.7,7.0,16.85,0.0,0.0
23.5,11.6,17.55,0.0,0.0
24.2,1.7,12.95,0.0,
24.3,0.7,12.5,0.0,0.0
22.8,3.6,13.2,0.0,
24.5,-1.8,11.35,0.0,
24.6,-0.4,12.1,0.0,
26.4,2.3,14.35,0.0,0.0
28.1,5.2,16.65,0.0,0.0
30.4,8.2,19.3,0.0,0.0
32.1,9.0,20.55,0.0,0.0
27.8,14.3,21.05,0.2,0.0
28.4,4.3,16.35,0.0,0.0
31.1,7.5,19.3,0.0,0.0
28.8,7.1,17.95,0.0,0.0
25.7,5.9,15.8,0.0,0.0
27.5,5.2,16.35,0.0,
27.1,6.5,16.8,0.0,0.0
24.0,6.2,15.1,0.0,0.0
29.7,24.2,26.95,0.0,0.0
30.2,8.1,19.15,0.0,0.0
28.0,9.4,18.7,0.0,0.0
31.3,12.2,21.75,1.8,0.0
31.3,8.3,19.8,0.0,
30.8,9.6,20.2,0.0,0.0
31.5,9.0,20.25,0.0,0.0
33.3,8.8,21.05,0.0,0.0
33.2,6.5,19.85,0.0,0.0
35.3,5.9,20.6,0.0,0.0
36.8,7.7,22.25,0.0,
33.3,14.7,24.0,0.0,0.0
27.8,7.3,17.55,0.0,
30.5,12.1,21.3,0.0,
29.3,9.5,19.4,0.0,
32.2,6.6,19.4,0.0,
34.7,8.2,21.45,0.0,0.0
33.9,9.6,21.75,0.0,0.0
34.4,9.2,21.8,0.0,
33.5,7.6,20.55,0.0,0.0
34.8,7.5,21.15,0.0,
34.8,8.9,21.85,0.0,
35.3,7.2,21.25,0.0,0.0
35.9,9.6,22.75,0.0,0.0
34.4,10.2,22.3,0.0,0.0
35.1,5.3,20.2,0.0,
34.7,6.3,20.5,0.0,
32.0,9.6,20.8,0.0,0.0
34.3,9.0,21.65,0.0,0.0
35.0,8.2,21.6,0.0,
31.8,8.1,19.95,0.0,0.0
35.6,6.6,21.1,0.0,0.0
38.6,7.9,23.25,0.0,0.0
39.6,11.8,25.7,0.0,0.0
39.5,11.2,25.35,0.0,
41.5,9.9,25.7,0.0,
39.5,12.6,26.05,0.0,0.0
39.8,13.4,26.6,0.0,0.0
39.9,14.9,27.4,0.0,0.0
39.3,12.6,25.95,0.0,0.0
39.1,13.6,26.35,0.0,0.0
38.3,12.3,25.3,0.0,
38.5,12.6,25.55,0.0,
38.2,14.1,26.15,0.0,0.0
39.1,13.7,26.4,0.0,0.0
39.0,14.9,26.95,0.0,
38.4,13.9,26.15,0.0,0.0
34.8,12.0,23.4,0.0,0.0
37.2,11.7,24.45,0.0,0.0
37.9,12.9,25.4,0.0,
37.6,17.1,27.35,0.0,0.0
38.6,12.9,25.75,0.0,0.0
39.5,15.4,27.45,0.0,0.0
36.9,15.2,26.05,0.0,
36.2,12.7,24.45,0.0,
36.9,12.7,24.8,0.0,
37.6,12.3,24.95,0.0,
40.3,16.9,28.6,0.0,0.0
38.9,18.4,28.65,0.0,
39.2,12.9,26.05,0.0,
39.8,14.7,27.25,0.0,0.0
40.5,14.6,27.55,0.0,0.0
42.0,17.7,29.85,0.0,0.0
42.3,18.2,30.25,0.0,
39.9,18.5,29.2,0.0,0.0
37.6,13.6,25.6,0.0,
36.7,14.8,25.75,0.0,0.0
37.8,14.4,26.1,0.0,0.0
37.1,16.2,26.65,0.0,
34.4,19.3,26.85,0.0,0.0
38.1,16.0,27.05,0.0,0.0
37.5,22.1,29.8,2.0,0.0
37.1,19.4,28.25,0.0,0.0
33.9,16.0,24.95,0.0,0.0
38.2,14.0,26.1,0.0,
36.7,13.8,25.25,0.0,0.0
36.5,13.5,25.0,0.0,0.0
38.1,12.8,25.45,0.0,0.0
38.3,13.7,26.0,0.0,
37.0,13.2,25.1,0.0,0.0
37.1,13.1,25.1,0.0,0.0
37.4,14.2,25.8,0.0,0.0
36.0,13.4,24.7,0.0,0.0
35.7,12.0,23.85,0.0,0.0
36.5,12.1,24.3,0.0,
38.3,14.2,26.25,0.0,0.0
39.0,14.5,26.75,0.0,
37.5,13.5,25.5,0.0,0.0
36.9,12.0,24.45,0.0,0.0
,,,,
,,,,0.0
,,,,
39.3,13.3,26.3,0.0,
34.0,14.0,24.0,0.0,
36.9,13.8,25.35,0.0,
34.5,10.6,22.55,0.0,
35.6,6.9,21.25,0.0,0.0
35.3,8.7,22.0,0.0,0.0
37.3,12.2,24.75,0.0,0.0
36.5,11.6,24.05,0.0,0.0
36.6,11.1,23.85,0.0,0.0
35.0,9.5,22.25,0.0,
34.8,8.5,21.65,0.0,
35.2,8.4,21.8,0.0,0.0
35.3,9.8,22.55,0.0,
34.6,9.7,22.15,0.0,0.0
31.9,9.0,20.45,0.0,0.0
33.4,10.0,21.7,0.0,
33.8,8.4,21.1,0.0,0.0
33.8,6.8,20.3,0.0,
32.9,8.0,20.45,0.0,
32.2,6.0,19.1,0.0,0.0
31.5,8.5,20.0,0.0,
28.8,8.6,18.7,0.0,0.0
,,,,
,,,,
,,,,
,,,,
,,,,
,,,,
,,,,
,,,,
,,,,
,,,,
,,,,
,,,,
,,,,
,,,,
,,,,
,,,,
,,,,
,,,,
,,,,
,,,,
,,,,
,,,,
,,,,
,,,,
,,,,
,,,,
,,,,
,,,,
,,,,
,,,,
,,,,
,,,,
,,,,
,,,,
,,,,
,,,,
,,,,
,,,,
,,,,
,,,,
,,,,
,,,,
,,,,
,,,,
,,,,
,,,,
,,,,
,,,,
,,,,
,,,,
,,,,
,,,,
,,,,
,,,,
,,,,
,,,,
,,,,
,,,,
,,,,
,,,,
,,,,
,,,,
,,,,
,,,,
,,,,
,,,,
,,,,
,,,,
,,,,
,,,,
,,,,
,,,,
,,,,
,,,,
,,,,
,,,,
,,,,
,,,,
,,,,
,,,,
,,,,
,,,,
,,,,
,,,,
,,,,
,,,,
,,,,
,,,,
,,,,
,,,,
,,,,
,,,,
,,,,
,,,,
,,,,
,,,,
,,,,
,,,,
,,,,
,,,,
,,,,
,,,,
,,,,
,,,,
,,,,
,,,,
,,,,
,,,,
,,,,
,,,,
,,,,
,,,,
,,,,
,,,,
,,,,
,,,,
,,,,
,,,,
,,,,
,,,,
,,,,
,,,,
,,,,
,,,,
,,,,
,,,,
,,,,
,,,,
,,,,
,,,,
,,,,
,,,,
,,,,
,,,,
,,,,
,,,,
,,,,
,,,,
,,,,
,,,,
,,,,
,,,,
,,,,
,,,,
,,,,
,,,,
,,,,
,,,,
,,,,
,,,,
,,,,
,,,,
,,,,
,,,,
,,,,
,,,,
,,,,
,,,,
,,,,
,,,,
,,,,
,,,,
,,,,
,,,,
,,,,
,,,,
,,,,
,,,,
,,,,
,,,,
,,,,
,,,,
,,,,
,,,,
,,,,
,,,,
,,,,
,,,,
,,,,
,,,,
,,,,
,,,,
,,,,
,,,,
,,,,
,,,,
,,,,
,,,,
,,,,
,,,,
,,,,
,,,,
,,,,
,,,,
,,,,
,,,,
,,,,
,,,,
,,,,
,,,,
,,,,
,,,,
,,,,
,,,,
,,,,
,,,,
,,,,
,,,,
,,,,
,,,,
,,,,
,,,,
,,,,
,,,,
,,,,
,,,,
,,,,
,,,,
,,,,
,,,,
,,,,
,,,,
,,,,
,,,,
,,,,
,,,,
,,,,
,,,,
,,,,
,,,,
,,,,
,,,,
,,,,
,,,,
,,,,
,,,,
,,,,
,,,,
,,,,
,,,,
,,,,
,,,,
,,,,
,,,,
,,,,
,,,,
,,,,
,,,,
,,,,
,,,,
,,,,
,,,,
,,,,
,,,,
,,,,
,,,,
,,,,
,,,,
,,,,
,,,,
,,,,
,,,,
,,,,
,,,,
,,,,
,,,,
,,,,
,,,,
,,,,
,,,,
,,,,
,,,,
,,,,
,,,,
,,,,
,,,,
,,,,
,,,,
,,,,
,,,,
,,,,
,,,,
,,,,
,,,,
,,,,
,,,,
,,,,
,,,,
,,,,
,,,,
,,,,
,,,,
,,,,
,,,,
,,,,
,,,,
,,,,
,,,,
,,,,
,,,,
,,,,
,,,,
,,,,
,,,,
,,,,
,,,,
,,,,
,,,,
,,,,
,,,,
,,,,
,,,,
,,,,
,,,,
,,,,
,,,,
,,,,
,,,,
,,,,
,,,,
,,,,
,,,,
,,,,
,,,,
,,,,
,,,,
,,,,
,,,,
,,,,
,,,,
,,,,
,,,,
,,,,
,,,,
,,,,
,,,,
,,,,
,,,,
,,,,
,,,,
,,,,
,,,,
,,,,
,,,,
,,,,
,,,,
,,,,
,,,,
,,,,
,,,,
,,,,
,,,,
,,,,
,,,,
,,,,
,,,,
,,,,
,,,,
,,,,
,,,,
,,,,
,,,,
,,,,
,,,,
,,,,
,,,,
,,,,
,,,,
,,,,
,,,,
,,,,
,,,,
,,,,
,,,,
,,,,
,,,,
,,,,
,,,,
,,,,
,,,,
,,,,
,,,,
,,,,
,,,,
,,,,
,,,,
,,,,
,,,,
,,,,
,,,,
,,,,
,,,,
,,,,
,,,,
,,,,
,,,,
,,,,
,,,,
,,,,
,,,,
,,,,
,,,,
,,,,
,,,,
,,,,
,,,,
,,,,
,,,,
,,,,
,,,,
,,,,
,,,,
,,,,
,,,,
,,,,
,,,,
,,,,
,,,,
,,,,
,,,,
,,,,
,,,,
,,,,
,,,,
,,,,
,,,,
,,,,
,,,,
,,,,
,,,,
,,,,
,,,,
,,,,
,,,,
,,,,
,,,,
,,,,
,,,,
,,,,
,,,,
,,,,
,,,,
,,,,
,,,,
,,,,
,,,,
,,,,
,,,,
,,,,
,,,,
,,,,
,,,,
,,,,
,,,,
,,,,
,,,,
,,,,
,,,,
,,,,
,,,,
,,,,
,,,,
,,,,
,,,,
,,,,
,,,,
,,,,
,,,,
,,,,
,,,,
,,,,
,,,,
,,,,
,,,,
,,,,
,,,,
,,,,
,,,,
,,,,
,,,,
,,,,
,,,,
,,,,
,,,,
,,,,
,,,,
,,,,
,,,,
,,,,
,,,,
,,,,
,,,,
,,,,
,,,,
,,,,
,,,,
,,,,
,,,,
,,,,
,,,,
,,,,
,,,,
,,,,
,,,,
,,,,
,,,,
,,,,
,,,,
,,,,
,,,,
,,,,
,,,,
,,,,
,,,,
,,,,
,,,,
,,,,
,,,,
,,,,
,,,,
,,,,
,,,,
,,,,
,,,,
,,,,
,,,,
,,,,
,,,,
,,,,
,,,,
,,,,
,,,,
,,,,
,,,,
,,,,
,,,,
,,,,
,,,,
,,,,
,,,,
,,,,
,,,,
,,,,
,,,,
,,,,
,,,,
,,,,
,,,,
,,,,
,,,,
,,,,
,,,,
,,,,
,,,,
,,,,
,,,,
,,,,
,,,,
,,,,
,,,,
,,,,
,,,,
,,,,
,,,,
,,,,
,,,,
,,,,
,,,,
,,,,
,,,,
,,,,
,,,,
,,,,
,,,,
,,,,
,,,,
,,,,
,,,,
,,,,
,,,,
,,,,
,,,,
,,,,
,,,,
,,,,
,,,,
,,,,
,,,,
,,,,
,,,,
,,,,
,,,,
,,,,
,,,,
,,,,
,,,,
,,,,
,,,,
,,,,
,,,,
,,,,
,,,,
,,,,
,,,,
,,,,
,,,,
,,,,
,,,,
,,,,
,,,,
,,,,
,,,,
,,,,
,,,,
,,,,
,,,,
,,,,
,,,,
,,,,
,,,,
,,,,
,,,,
,,,,
,,,,
,,,,
,,,,
,,,,
,,,,
,,,,
,,,,
,,,,
,,,,
,,,,
,,,,
,,,,
,,,,
,,,,
,,,,
,,,,
,,,,
,,,,
,,,,
,,,,
,,,,
,,,,
,,,,
,,,,
,,,,
,,,,
,,,,
,,,,
,,,,
,,,,
,,,,
,,,,
,,,,
,,,,
,,,,
,,,,
,,,,
,,,,
,,,,
,,,,
,,,,
,,,,
,,,,
,,,,
,,,,
,,,,
,,,,
,,,,
,,,,
,,,,
,,,,
,,,,
,,,,
,,,,
,,,,
,,,,
,,,,
,,,,
,,,,
,,,,
,,,,
,,,,
,,,,
,,,,
,,,,
,,,,
,,,,
,,,,
,,,,
,,,,
,,,,
,,,,
,,,,
,,,,
,,,,
,,,,
,,,,
,,,,
,,,,
,,,,
,,,,
,,,,
,,,,
,,,,
,,,,
,,,,
,,,,
,,,,
,,,,
,,,,
,,,,
,,,,
,,,,
,,,,
,,,,
,,,,
,,,,
,,,,
,,,,
,,,,
,,,,
,,,,
,,,,
,,,,
,,,,
,,,,
,,,,
,,,,
,,,,
,,,,
,,,,
,,,,
,,,,
,,,,
,,,,
,,,,
,,,,
,,,,
,,,,
,,,,
,,,,
,,,,
,,,,
,,,,
,,,,
,,,,
,,,,
,,,,
,,,,
,,,,
,,,,
,,,,
,,,,
,,,,
,,,,
,,,,
,,,,
,,,,
,,,,
,,,,
,,,,
,,,,
,,,,
,,,,
,,,,
,,,,
,,,,
,,,,
,,,,
,,,,
,,,,
,,,,
,,,,
,,,,
,,,,
,,,,
,,,,
,,,,
,,,,
,,,,
,,,,
,,,,
,,,,
,,,,
,,,,
,,,,
,,,,
,,,,
,,,,
,,,,
,,,,
,,,,
,,,,
,,,,
,,,,
,,,,
,,,,
,,,,
,,,,
,,,,
,,,,
,,,,
,,,,
,,,,
,,,,
,,,,
,,,,
,,,,
,,,,
,,,,
,,,,
,,,,
,,,,
,,,,
,,,,
,,,,
,,,,
,,,,
,,,,
,,,,
,,,,
,,,,
,,,,
,,,,
,,,,
,,,,
,,,,
,,,,
,,,,
,,,,
,,,,
,,,,
,,,,
,,,,
,,,,
,,,,
,,,,
,,,,
,,,,
,,,,
,,,,
,,,,
,,,,
,,,,
,,,,
,,,,
,,,,
,,,,
,,,,
,,,,
,,,,
,,,,
,,,,
,,,,
,,,,
,,,,
,,,,
,,,,
,,,,
,,,,
,,,,
,,,,
,,,,
,,,,
,,,,
,,,,
,,,,
,,,,
,,,,
,,,,
,,,,
,,,,
,,,,
,,,,
,,,,
,,,,
,,,,
,,,,
,,,,
,,,,
,,,,
,,,,
,,,,
,,,,
,,,,
,,,,
,,,,
,,,,
,,,,
,,,,
,,,,
,,,,
,,,,
,,,,
,,,,
,,,,
,,,,
,,,,
,,,,
,,,,
,,,,
,,,,
,,,,
,,,,
,,,,
,,,,
,,,,
,,,,
,,,,
,,,,
,,,,
,,,,
,,,,
,,,,
,,,,
,,,,
,,,,
,,,,
,,,,
,,,,
,,,,
,,,,
,,,,
,,,,
,,,,
,,,,
